"transactionRecordId","dataSource","externalReference","amountPaise","currencyCode","transactionDate","ingestedAt","rawDescription","rawPayload"
tx_1wsmz02cr5n,BANK_STATEMENT,UTRY2T5G4TL,279574,INR,2026-07-14,2026-08-25T22:35:20.628Z,BANK_CREDIT_NET_REFUND: 2795.74 INR,"{""reference"":""UTRY2T5G4TL""}"
tx_pilor32s4s,BANK_STATEMENT,UTR9IKVRY0G,1890561,INR,2026-07-20,2026-08-25T15:47:52.628Z,BANK_CREDIT: 18905.61 INR,"{""sourceAccountNumber"":""acc_6820CALWV4""}"
tx_gibajqizb4r,BANK_STATEMENT,UTRNYRSMONL,1938615,INR,2026-07-27,2026-08-26T10:18:27.628Z,BANK_CREDIT_BUNDLE: 19386.15 INR,"{""reference"":""UTRNYRSMONL""}"
tx_dg26rrw4ye4,BANK_STATEMENT,UTRTYYPB97Q,3849484,INR,2026-08-02,2026-08-26T11:27:54.628Z,BANK_CREDIT: 38494.84 INR,"{""reference"":""UTRTYYPB97Q""}"
tx_sf8glyz2mts,BANK_STATEMENT,UTRGB91IVAF,2391550,INR,2026-08-08,2026-08-26T17:58:45.628Z,BANK_CREDIT: 23915.5 INR,"{""reference"":""UTRGB91IVAF""}"
tx_b372a1d63b,BANK_STATEMENT,UTR404ZZ467,4187103,INR,2026-07-30,2026-08-25T23:37:55.628Z,BANK_CREDIT: 41871.03 INR,"{""reference"":""UTR404ZZ467""}"
tx_3dhes991eyr,BANK_STATEMENT,UTR041RGOMY,967653,INR,2026-07-12,2026-08-26T12:54:13.628Z,BANK_CREDIT_NET_REFUND: 9676.53 INR,"{""reference"":""UTR041RGOMY""}"
tx_m5i9nlkyw9g,BANK_STATEMENT,UTR1APJYDV2,1769625,INR,2026-08-22,2026-08-26T04:40:34.628Z,BANK_CREDIT: 17696.25 INR,"{""reference"":""UTR1APJYDV2""}"
tx_wbv09y5y04,BANK_STATEMENT,UTRHYKSHBMU,1785149,INR,2026-07-18,2026-08-26T02:53:41.628Z,BANK_CREDIT_NET_REFUND: 17851.49 INR,"{""reference"":""UTRHYKSHBMU""}"
tx_756vrpnkxq,BANK_STATEMENT,UTRQ5O88M4U,1223804,INR,2026-08-26,2026-08-26T11:15:55.628Z,BANK_CREDIT_BUNDLE: 12238.04 INR,"{""reference"":""UTRQ5O88M4U""}"
tx_f5c5qogvz7l,BANK_STATEMENT,UTRMMSJDQ3N,467598,INR,2026-07-15,2026-08-25T23:52:58.629Z,BANK_CREDIT_NET_REFUND: 4675.98 INR,"{""reference"":""UTRMMSJDQ3N""}"
tx_noru0acsl3a,BANK_STATEMENT,UTRCRRI4VKK,4214354,INR,2026-07-19,2026-08-26T13:47:48.629Z,BANK_CREDIT: 42143.54 INR,"{""reference"":""UTRCRRI4VKK""}"
tx_uzzzw8hagg,BANK_STATEMENT,UTRAI1999J8,4236508,INR,2026-07-16,2026-08-26T08:59:06.629Z,BANK_CREDIT: 42365.08 INR,"{""reference"":""UTRAI1999J8""}"
tx_3zpdrn1fb7c,BANK_STATEMENT, UTRPA72O83E ,2255949,INR,2026-08-09,2026-08-25T20:48:43.629Z,BANK_CREDIT_NET_REFUND: 22559.49 INR,"{""reference"":"" UTRPA72O83E ""}"
tx_bij3q8me8br,BANK_STATEMENT,UTRJX87OEZT,2181636,INR,2026-08-07,2026-08-26T11:34:45.629Z,BANK_CREDIT: 21816.36 INR,"{""reference"":""UTRJX87OEZT""}"
tx_mhb6m98qln,BANK_STATEMENT,UTR1HDPY7ER,3903109,INR,2026-07-31,2026-08-26T13:36:26.630Z,BANK_CREDIT: 39031.09 INR,"{""reference"":""UTR1HDPY7ER""}"
tx_m1x9vnxfq8b,BANK_STATEMENT,UTRQEHXVPAG,3800961,INR,2026-08-08,2026-08-26T06:58:40.630Z,BANK_CREDIT: 38009.61 INR,"{""reference"":""UTRQEHXVPAG""}"
tx_2lnpco8yu7k,BANK_STATEMENT,UTRGD53HKJ7,2992345,INR,2026-08-16,2026-08-26T13:38:58.630Z,BANK_CREDIT: 29923.45 INR,"{""reference"":""UTRGD53HKJ7""}"
tx_0zmzy27lis2,BANK_STATEMENT,UTRX8ZSPQT9,1970812,INR,2026-08-19,2026-08-26T08:47:21.630Z,BANK_CREDIT: 19708.12 INR,"{""reference"":""UTRX8ZSPQT9""}"
tx_wy7dyd2ce4,BANK_STATEMENT,UTROTHA4TP2,162748,INR,2026-08-16,2026-08-26T09:00:32.630Z,BANK_CREDIT: 1627.48 INR,"{""reference"":""UTROTHA4TP2""}"
tx_hkyaug1vbys,BANK_STATEMENT,UTRRL9UZF46,1900336,INR,2026-07-20,2026-08-26T14:03:35.630Z,BANK_CREDIT_NET_REFUND: 19003.36 INR,"{""reference"":""UTRRL9UZF46""}"
tx_lsnrhkqakek,BANK_STATEMENT,UTR8JZ7WUQ4,1164194,INR,2026-07-17,2026-08-26T16:20:01.630Z,BANK_CREDIT: 11641.94 INR,"{""reference"":""UTR8JZ7WUQ4""}"
tx_dglz64wbbt,BANK_STATEMENT,UTRFYL796KO,3655214,INR,2026-07-28,2026-08-26T14:10:35.630Z,BANK_CREDIT: 36552.14 INR,"{""reference"":""UTRFYL796KO""}"
tx_7tkgsuvx4a2,BANK_STATEMENT,UTRRRKXVJJE,255284,INR,2026-07-17,2026-08-26T12:04:59.630Z,BANK_CREDIT: 2552.84 INR,"{""reference"":""UTRRRKXVJJE""}"
tx_49kl8vgsk5v,BANK_STATEMENT,UTR87HQPLHL,452206,INR,2026-08-15,2026-08-25T19:00:42.630Z,BANK_CREDIT_BUNDLE: 4522.06 INR,"{""reference"":""UTR87HQPLHL""}"
tx_r9kjuhdnl,BANK_STATEMENT,UTRDZWM0217,3476319,INR,2026-07-20,2026-08-25T22:51:07.630Z,BANK_CREDIT: 34763.19 INR,"{""reference"":""UTRDZWM0217""}"
tx_xlbuittuzza,BANK_STATEMENT,UTRQK43P2HM,2923880,INR,2026-07-12,2026-08-26T06:56:04.630Z,BANK_CREDIT_BUNDLE: 29238.8 INR,"{""reference"":""UTRQK43P2HM""}"
tx_po4c8de6hto,BANK_STATEMENT,UTRI3309BRQ,4442191,INR,2026-08-13,2026-08-25T19:28:41.630Z,BANK_CREDIT: 44421.91 INR,"{""reference"":""UTRI3309BRQ""}"
tx_bmhw9vmtwje,BANK_STATEMENT,UTRDVHTLKB7,2203203,INR,2026-08-14,2026-08-25T23:21:27.630Z,BANK_CREDIT: 22032.03 INR,"{""reference"":""UTRDVHTLKB7""}"
tx_arob3o4mvo9,BANK_STATEMENT,UTRJKMANT46,2267520,INR,2026-07-31,2026-08-26T05:52:55.630Z,BANK_CREDIT_BUNDLE: 22675.2 INR,"{""reference"":""UTRJKMANT46""}"
tx_g6l8eh6om0v,BANK_STATEMENT,UTR8P1PZBSM,2536398,INR,2026-07-29,2026-08-26T07:33:53.630Z,BANK_CREDIT: 25363.98 INR,"{""reference"":""UTR8P1PZBSM""}"
tx_h2r6rtpo9lk,BANK_STATEMENT,LW15EP4I,291353,INR,2026-07-19,2026-08-26T11:32:09.630Z,BANK_CREDIT: 2913.53 INR,"{""reference"":""LW15EP4I""}"
tx_diyje2tdmg,BANK_STATEMENT,UTRWPX2QNY7,1236306,INR,2026-07-27,2026-08-25T09:36:05.630Z,BANK_CREDIT: 12363.06 INR,"{""sourceAccountNumber"":""acc_0HFXLHZCLAS8""}"
tx_uq2vn840w1c,BANK_STATEMENT,UTR1EIW78AI,3261530,INR,2026-07-31,2026-08-26T07:04:22.630Z,BANK_CREDIT: 32615.3 INR,"{""reference"":""UTR1EIW78AI""}"
tx_x17snwmvnbk,BANK_STATEMENT,UTRD7IMBBFI,2266462,INR,2026-07-24,2026-08-26T10:51:26.631Z,BANK_CREDIT_NET_REFUND: 22664.62 INR,"{""reference"":""UTRD7IMBBFI""}"
tx_oxuftf1fot,BANK_STATEMENT,UTRXANFT8Z6,844943,INR,2026-07-31,2026-08-26T09:04:56.631Z,BANK_CREDIT: 8449.43 INR,"{""reference"":""UTRXANFT8Z6""}"
tx_b2h75xsatt6,BANK_STATEMENT,UTRA1EJPJH0,4083319,INR,2026-07-30,2026-08-26T01:21:27.631Z,BANK_CREDIT: 40833.19 INR,"{""reference"":""UTRA1EJPJH0""}"
tx_voojznmrgca,BANK_STATEMENT,UTRJB3GHIJ3,1432133,INR,2026-08-17,2026-08-26T06:02:27.631Z,BANK_CREDIT_BUNDLE: 14321.33 INR,"{""reference"":""UTRJB3GHIJ3""}"
tx_08jqgvmhev2v,BANK_STATEMENT,UTRC47T847C,3363801,INR,2026-08-24,2026-08-25T22:51:37.631Z,BANK_CREDIT_BUNDLE: 33638.01 INR,"{""reference"":""UTRC47T847C""}"
tx_8uhym6lams7,BANK_STATEMENT,UTRB24OVGUG,611362,INR,2026-07-11,2026-08-26T01:46:19.631Z,BANK_CREDIT_BUNDLE: 6113.62 INR,"{""reference"":""UTRB24OVGUG""}"
tx_j2azt3jdjod,BANK_STATEMENT,UTR5QML6PEQ,1568738,INR,2026-07-15,2026-08-25T22:49:12.631Z,BANK_CREDIT_NET_REFUND: 15687.38 INR,"{""reference"":""UTR5QML6PEQ""}"
tx_69bcjlwjqtv,BANK_STATEMENT,UTRUSF0LWHE,1196063,INR,2026-08-18,2026-08-26T17:34:06.631Z,BANK_CREDIT: 11960.63 INR,"{""reference"":""UTRUSF0LWHE""}"
tx_lz8zzxboc6d,BANK_STATEMENT,UTRCZ9JXBWG,2626079,INR,2026-08-02,2026-08-26T18:06:52.631Z,BANK_CREDIT: 26260.79 INR,"{""reference"":""UTRCZ9JXBWG""}"
tx_q09jtl91y7,BANK_STATEMENT,UTR51PAFVLJ,2530007,INR,2026-07-31,2026-08-26T05:47:13.631Z,BANK_CREDIT_BUNDLE: 25300.07 INR,"{""reference"":""UTR51PAFVLJ""}"
tx_nyf7v56ccpq,BANK_STATEMENT,UTR1DK1QNMW,1935533,INR,2026-07-12,2026-08-26T05:16:38.631Z,BANK_CREDIT: 19355.33 INR,"{""reference"":""UTR1DK1QNMW""}"
tx_cvyogvn4tbh,BANK_STATEMENT,UTRWLC2TC41,1497048,INR,2026-07-24,2026-08-26T10:57:07.631Z,BANK_CREDIT_NET_REFUND: 14970.48 INR,"{""reference"":""UTRWLC2TC41""}"
tx_hmrefu00o05,BANK_STATEMENT,UTRY0BGQBZC,2296000,INR,2026-08-23,2026-08-26T09:14:28.631Z,BANK_CREDIT_BUNDLE: 22960 INR,"{""reference"":""UTRY0BGQBZC""}"
tx_svk2r199kr8,BANK_STATEMENT,UTRKWXVJC2Z,3765058,INR,2026-07-25,2026-08-25T22:11:40.631Z,BANK_CREDIT: 37650.58 INR,"{""reference"":""UTRKWXVJC2Z""}"
tx_nva3z3ozd6,BANK_STATEMENT,UTRBAA6BDFR,1318813,INR,2026-08-12,2026-08-26T14:43:17.631Z,BANK_CREDIT: 13188.13 INR,"{""reference"":""UTRBAA6BDFR""}"
tx_e0y4tkrjdoc,BANK_STATEMENT,UTR2MM5MOD8,3891983,INR,2026-07-31,2026-08-26T11:16:04.631Z,BANK_CREDIT: 38919.83 INR,"{""reference"":""UTR2MM5MOD8""}"
tx_gz2aajfz1xn,BANK_STATEMENT,UTR9XMV527T,839202,INR,2026-07-29,2026-08-26T05:16:50.631Z,BANK_CREDIT: 8392.02 INR,"{""reference"":""UTR9XMV527T""}"
tx_36wu7md84yc,BANK_STATEMENT,UTR81XAB3JV,303783,INR,2026-07-19,2026-08-26T00:00:25.631Z,BANK_CREDIT: 3037.83 INR,"{""reference"":""UTR81XAB3JV""}"
tx_sp7vnmwdndi,BANK_STATEMENT,UTRM9QJW7Q3,2603943,INR,2026-07-12,2026-08-25T18:48:18.631Z,BANK_CREDIT: 26039.43 INR,"{""reference"":""UTRM9QJW7Q3""}"
tx_ehykt6t294w,BANK_STATEMENT,UTRJPUOCT3V,3294460,INR,2026-07-12,2026-08-26T15:24:46.631Z,BANK_CREDIT: 32944.6 INR,"{""reference"":""UTRJPUOCT3V""}"
tx_04mq6o1umdsr,BANK_STATEMENT,UTRAC5PDQRY,4093440,INR,2026-08-10,2026-08-26T02:53:06.631Z,BANK_CREDIT_BUNDLE: 40934.4 INR,"{""reference"":""UTRAC5PDQRY""}"
tx_btq0k288yrd,BANK_STATEMENT,UTROGMH0Z9R,4008929,INR,2026-07-29,2026-08-25T20:19:15.631Z,BANK_CREDIT: 40089.29 INR,"{""reference"":""UTROGMH0Z9R""}"
tx_uel54kh2vb,BANK_STATEMENT,UTRFCZRDP3W,1992852,INR,2026-08-20,2026-08-26T00:43:16.631Z,BANK_CREDIT_BUNDLE: 19928.52 INR,"{""reference"":""UTRFCZRDP3W""}"
tx_3311k5urfzw,BANK_STATEMENT,UTRCKPI5IMY,3753157,INR,2026-08-22,2026-08-25T20:18:14.631Z,BANK_CREDIT: 37531.57 INR,"{""reference"":""UTRCKPI5IMY""}"
tx_549hzzq5km,BANK_STATEMENT,UTR50VGJ4EE,3741974,INR,2026-08-15,2026-08-25T23:39:16.631Z,BANK_CREDIT: 37419.74 INR,"{""reference"":""UTR50VGJ4EE""}"
tx_e5enthn3yvv,BANK_STATEMENT,UTRBYRAM0IG,1163708,INR,2026-07-29,2026-08-26T18:14:28.631Z,BANK_CREDIT: 11637.08 INR,"{""reference"":""UTRBYRAM0IG""}"
tx_mgqoy80qn4p,BANK_STATEMENT,UTRS5OUNMZH,2597651,INR,2026-08-09,2026-08-25T22:26:14.632Z,BANK_CREDIT: 25976.51 INR,"{""reference"":""UTRS5OUNMZH""}"
tx_h38rgbp4iks,BANK_STATEMENT,UTRMREEUV2C,1410368,INR,2026-08-02,2026-08-26T03:56:10.632Z,BANK_CREDIT_BUNDLE: 14103.68 INR,"{""reference"":""UTRMREEUV2C""}"
tx_c997zkto8c8,BANK_STATEMENT,HEIYZMJK,240343,INR,2026-07-26,2026-08-26T06:27:13.632Z,BANK_CREDIT_BUNDLE: 2403.43 INR,"{""reference"":""HEIYZMJK""}"
tx_56eitc8niot,BANK_STATEMENT,UTRPDSH75LZ,3335208,INR,2026-08-09,2026-08-25T22:37:00.632Z,BANK_CREDIT_BUNDLE: 33352.08 INR,"{""reference"":""UTRPDSH75LZ""}"
tx_i5vwg0d2d8l,BANK_STATEMENT,UTRNPZKN1U5,4217649,INR,2026-08-07,2026-08-26T07:59:37.632Z,BANK_CREDIT: 42176.49 INR,"{""reference"":""UTRNPZKN1U5""}"
tx_ns7ipqyzubd,BANK_STATEMENT,UTRJN793N2V,4100777,INR,2026-07-19,2026-08-25T23:49:49.632Z,BANK_CREDIT_BUNDLE: 41007.77 INR,"{""reference"":""UTRJN793N2V""}"
tx_l80grytffx,BANK_STATEMENT,UTRN6Z423SA,1316890,INR,2026-07-30,2026-08-26T04:39:31.632Z,BANK_CREDIT: 13168.9 INR,"{""reference"":""UTRN6Z423SA""}"
tx_4ekwej8emfj,BANK_STATEMENT,UTRO9M3W7Q6,2252243,INR,2026-07-20,2026-08-26T09:10:22.632Z,BANK_CREDIT_BUNDLE: 22522.43 INR,"{""reference"":""UTRO9M3W7Q6""}"
tx_nbvhr52tbnd,BANK_STATEMENT,UTRHVZ4J0DF,3106134,INR,2026-08-03,2026-08-26T05:41:26.632Z,BANK_CREDIT_NET_REFUND: 31061.34 INR,"{""reference"":""UTRHVZ4J0DF""}"
tx_kkylvc1un09,BANK_STATEMENT,UTRBPGPL7P6,2191298,INR,2026-08-06,2026-08-26T14:04:00.632Z,BANK_CREDIT_BUNDLE: 21912.98 INR,"{""reference"":""UTRBPGPL7P6""}"
tx_9q26498a1jo,BANK_STATEMENT,UTRQ435M2JZ,3048307,INR,2026-07-28,2026-08-26T02:10:53.632Z,BANK_CREDIT_BUNDLE: 30483.07 INR,"{""reference"":""UTRQ435M2JZ""}"
tx_87696rxlde6,BANK_STATEMENT,UTRJV2HS0UO,1129306,INR,2026-08-04,2026-08-26T16:07:28.632Z,BANK_CREDIT: 11293.06 INR,"{""reference"":""UTRJV2HS0UO""}"
tx_qo3cwmcc2n,BANK_STATEMENT,UTRDXUJN24U,4414723,INR,2026-08-12,2026-08-25T08:47:43.632Z,BANK_CREDIT: 44147.23 INR,"{""sourceAccountNumber"":""acc_D2FNSG2HCH""}"
tx_ryfinon85h,BANK_STATEMENT,UTRVWF4RMWS,2884736,INR,2026-08-25,2026-08-25T18:50:10.632Z,BANK_CREDIT_BUNDLE: 28847.36 INR,"{""reference"":""UTRVWF4RMWS""}"
tx_e4a7sa9jxgo,BANK_STATEMENT,UTR8HJFY7RS,820500,INR,2026-08-21,2026-08-26T13:33:27.632Z,BANK_CREDIT: 8205 INR,"{""reference"":""UTR8HJFY7RS""}"
tx_tpz5yawfwd,BANK_STATEMENT,UTRW88SPFNP,3846642,INR,2026-08-01,2026-08-26T02:52:42.632Z,BANK_CREDIT_BUNDLE: 38466.42 INR,"{""reference"":""UTRW88SPFNP""}"
tx_ygjuw7n2cg,BANK_STATEMENT,UTR77HOZXIJ,824422,INR,2026-08-21,2026-08-26T15:23:29.632Z,BANK_CREDIT_NET_REFUND: 8244.22 INR,"{""reference"":""UTR77HOZXIJ""}"
tx_z1a38fbyth,BANK_STATEMENT,UTR1KADL1XT,2132440,INR,2026-08-16,2026-08-26T17:20:25.633Z,BANK_CREDIT_BUNDLE: 21324.4 INR,"{""reference"":""UTR1KADL1XT""}"
tx_qk0yoyay6s,BANK_STATEMENT,UTRVXBMDHAJ,3021424,INR,2026-08-03,2026-08-26T13:55:33.633Z,BANK_CREDIT_BUNDLE: 30214.24 INR,"{""reference"":""UTRVXBMDHAJ""}"
tx_qlj42sg2wdf,BANK_STATEMENT,UTRW0S19SC7,1351475,INR,2026-07-20,2026-08-25T21:24:05.633Z,BANK_CREDIT: 13514.75 INR,"{""reference"":""UTRW0S19SC7""}"
tx_wlnaexpwu4p,BANK_STATEMENT,UTRCAHQEMK3,2623988,INR,2026-07-14,2026-08-26T13:35:52.633Z,BANK_CREDIT_BUNDLE: 26239.88 INR,"{""reference"":""UTRCAHQEMK3""}"
tx_pu42f11bn2,BANK_STATEMENT,UTRLD4O8Z8W,3444147,INR,2026-08-03,2026-08-26T04:05:50.633Z,BANK_CREDIT: 34441.47 INR,"{""reference"":""UTRLD4O8Z8W""}"
tx_hq2hexz6rgi,BANK_STATEMENT,UTR1CERZ25W,1805161,INR,2026-07-31,2026-08-25T21:53:26.633Z,BANK_CREDIT_BUNDLE: 18051.61 INR,"{""reference"":""UTR1CERZ25W""}"
tx_xjw0um02l6,BANK_STATEMENT,UTRXMBQQT8Q,2990132,INR,2026-08-02,2026-08-26T06:24:41.633Z,BANK_CREDIT_BUNDLE: 29901.32 INR,"{""reference"":""UTRXMBQQT8Q""}"
tx_sovnm4ny0uc,BANK_STATEMENT,UTRJLC2CRMN,2873713,INR,2026-08-17,2026-08-26T16:02:46.633Z,BANK_CREDIT_NET_REFUND: 28737.13 INR,"{""reference"":""UTRJLC2CRMN""}"
tx_af7xk2pncvv,BANK_STATEMENT,UTRCKQGSZM6,3775554,INR,2026-08-10,2026-08-26T17:38:10.633Z,BANK_CREDIT: 37755.54 INR,"{""reference"":""UTRCKQGSZM6""}"
tx_i6q5v8pcfhc,BANK_STATEMENT,UTRB64IGPRF,4369575,INR,2026-07-15,2026-08-26T05:15:43.633Z,BANK_CREDIT: 43695.75 INR,"{""reference"":""UTRB64IGPRF""}"
tx_mjggjrrlpok,BANK_STATEMENT,UTR1STRAWT7,1326284,INR,2026-08-17,2026-08-26T17:34:14.633Z,BANK_CREDIT_BUNDLE: 13262.84 INR,"{""reference"":""UTR1STRAWT7""}"
tx_fs38q31vryw,BANK_STATEMENT,UTRMG71RXF3,164157,INR,2026-07-17,2026-08-26T00:21:04.633Z,BANK_CREDIT_BUNDLE: 1641.57 INR,"{""reference"":""UTRMG71RXF3""}"
tx_yismstmg2ks,BANK_STATEMENT,UTR11BU68LK,2713979,INR,2026-07-25,2026-08-26T11:21:22.633Z,BANK_CREDIT_BUNDLE: 27139.79 INR,"{""reference"":""UTR11BU68LK""}"
tx_sbslkqvpv8,BANK_STATEMENT,UTRGDK16Q3J,4279301,INR,2026-08-10,2026-08-25T22:03:43.633Z,BANK_CREDIT_BUNDLE: 42793.01 INR,"{""reference"":""UTRGDK16Q3J""}"
tx_0ghamceniyja,BANK_STATEMENT,UTR1PZLWIMJ,2952929,INR,2026-08-18,2026-08-26T02:05:28.633Z,BANK_CREDIT: 29529.29 INR,"{""reference"":""UTR1PZLWIMJ""}"
tx_qa7nt64j48,BANK_STATEMENT,UTRD2H30G8P,2024446,INR,2026-08-03,2026-08-25T20:29:37.633Z,BANK_CREDIT_NET_REFUND: 20244.46 INR,"{""reference"":""UTRD2H30G8P""}"
tx_g8jusam8psq,BANK_STATEMENT,UTRESLKHQVN,188396,INR,2026-08-05,2026-08-26T11:33:11.633Z,BANK_CREDIT_BUNDLE: 1883.96 INR,"{""reference"":""UTRESLKHQVN""}"
tx_9c1xlfxpkgs,BANK_STATEMENT,UTRWKW0ZOKS,2458688,INR,2026-07-22,2026-08-24T19:22:40.633Z,BANK_CREDIT: 24586.88 INR,"{""sourceAccountNumber"":""acc_VZ7I0WWKZCI""}"
tx_vyq19b30mlf,BANK_STATEMENT,UTRCTF0AZ6G,2215025,INR,2026-07-18,2026-08-26T00:05:04.633Z,BANK_CREDIT_NET_REFUND: 22150.25 INR,"{""reference"":""UTRCTF0AZ6G""}"
tx_trax8dektq8,BANK_STATEMENT,UTRSDCOVC3M,1995728,INR,2026-08-20,2026-08-26T15:03:58.633Z,BANK_CREDIT: 19957.28 INR,"{""reference"":""UTRSDCOVC3M""}"
tx_g9fe7tatd6v,BANK_STATEMENT,UTRPT9830FU,2552418,INR,2026-07-24,2026-08-25T21:21:33.633Z,BANK_CREDIT_NET_REFUND: 25524.18 INR,"{""reference"":""UTRPT9830FU""}"
tx_1u1obnbsu6u,BANK_STATEMENT,UTRO65DJ6DB,359546,INR,2026-07-26,2026-08-26T08:39:49.633Z,BANK_CREDIT: 3595.46 INR,"{""reference"":""UTRO65DJ6DB""}"
tx_aw3as8rnr1s,BANK_STATEMENT,UTRHTSYLTT1,4424133,INR,2026-08-17,2026-08-26T05:28:37.633Z,BANK_CREDIT: 44241.33 INR,"{""reference"":""UTRHTSYLTT1""}"
tx_hpow5wo3zin,BANK_STATEMENT,UTRS2U28NKZ,1967537,INR,2026-08-13,2026-08-26T03:47:21.634Z,BANK_CREDIT_NET_REFUND: 19675.37 INR,"{""reference"":""UTRS2U28NKZ""}"
tx_j45sihh4hj,BANK_STATEMENT,UTRZV5D7KVA,1987278,INR,2026-07-15,2026-08-25T20:55:07.634Z,BANK_CREDIT: 19872.78 INR,"{""reference"":""UTRZV5D7KVA""}"
tx_afkdjgeedv,BANK_STATEMENT,UTRIHUCMJRJ,844740,INR,2026-07-13,2026-08-26T01:45:02.634Z,BANK_CREDIT: 8447.4 INR,"{""reference"":""UTRIHUCMJRJ""}"
tx_ic5w86xrlg,BANK_STATEMENT,UTRNTIPS8JM,1345914,INR,2026-07-20,2026-08-26T07:38:21.634Z,BANK_CREDIT: 13459.14 INR,"{""reference"":""UTRNTIPS8JM""}"
tx_cwd0obxtfa,BANK_STATEMENT,UTRXXORQX8A,3239671,INR,2026-07-17,2026-08-26T00:42:36.634Z,BANK_CREDIT: 32396.71 INR,"{""reference"":""UTRXXORQX8A""}"
tx_2bhdi1bv6gk,BANK_STATEMENT,UTR1FUYGIX1,2593255,INR,2026-07-13,2026-08-26T10:51:46.634Z,BANK_CREDIT_BUNDLE: 25932.55 INR,"{""reference"":""UTR1FUYGIX1""}"
tx_fj0xzrg1s8r,BANK_STATEMENT,UTRQBGPJHV7,2891807,INR,2026-08-11,2026-08-26T08:44:25.634Z,BANK_CREDIT: 28918.07 INR,"{""reference"":""UTRQBGPJHV7""}"
tx_zi9nnfzqugn,BANK_STATEMENT,UTRG5T4EHFL,2386031,INR,2026-08-14,2026-08-26T00:39:39.634Z,BANK_CREDIT: 23860.31 INR,"{""reference"":""UTRG5T4EHFL""}"
tx_e64pyza2kuu,BANK_STATEMENT,UTREL6WCEN3,2918135,INR,2026-07-22,2026-08-26T17:26:00.634Z,BANK_CREDIT: 29181.35 INR,"{""reference"":""UTREL6WCEN3""}"
tx_ld07zksn3g,BANK_STATEMENT,UTRZ0RLCJ3G,4234877,INR,2026-07-27,2026-08-26T14:53:35.634Z,BANK_CREDIT: 42348.77 INR,"{""reference"":""UTRZ0RLCJ3G""}"
tx_cw1iql7p8xu,BANK_STATEMENT,UTR4D6HKGX8,1530516,INR,2026-08-03,2026-08-26T01:00:25.634Z,BANK_CREDIT: 15305.16 INR,"{""reference"":""UTR4D6HKGX8""}"
tx_lybwg5k7qz,BANK_STATEMENT,UTR2ZBK4775,3739735,INR,2026-07-16,2026-08-26T11:47:52.634Z,BANK_CREDIT: 37397.35 INR,"{""reference"":""UTR2ZBK4775""}"
tx_pcdm9z1mu2h,BANK_STATEMENT,UTRS8YD5DGZ,2709750,INR,2026-08-14,2026-08-26T16:41:09.634Z,BANK_CREDIT: 27097.5 INR,"{""reference"":""UTRS8YD5DGZ""}"
tx_sn3gtwdtxp,BANK_STATEMENT,UTRBJYLD1M7,1783170,INR,2026-08-16,2026-08-26T16:44:05.634Z,BANK_CREDIT: 17831.7 INR,"{""reference"":""UTRBJYLD1M7""}"
tx_x1zbh7qni6o,BANK_STATEMENT,UTRWXFF45FA,3830215,INR,2026-08-01,2026-08-26T07:26:24.634Z,BANK_CREDIT_BUNDLE: 38302.15 INR,"{""reference"":""UTRWXFF45FA""}"
tx_nrbuu24l4s,BANK_STATEMENT,UTRFU94NHR0,347103,INR,2026-08-08,2026-08-26T13:51:42.634Z,BANK_CREDIT_NET_REFUND: 3471.03 INR,"{""reference"":""UTRFU94NHR0""}"
tx_9wpr585cp6a,BANK_STATEMENT,UTRCRIFPB7B,3281458,INR,2026-07-21,2026-08-26T12:23:16.634Z,BANK_CREDIT_BUNDLE: 32814.58 INR,"{""reference"":""UTRCRIFPB7B""}"
tx_kv9dlcqj4e8,BANK_STATEMENT,UTRYMQSU75E,3967996,INR,2026-08-24,2026-08-26T08:19:33.634Z,BANK_CREDIT: 39679.96 INR,"{""reference"":""UTRYMQSU75E""}"
tx_gf1rx944rf,BANK_STATEMENT,UTRJ0YSXSPF,1732887,INR,2026-08-10,2026-08-25T23:43:29.634Z,BANK_CREDIT: 17328.87 INR,"{""reference"":""UTRJ0YSXSPF""}"
tx_ga0v68ogucd,BANK_STATEMENT,UTRXTSP77SO,157607,INR,2026-08-02,2026-08-25T19:54:21.634Z,BANK_CREDIT: 1576.07 INR,"{""reference"":""UTRXTSP77SO""}"
tx_5ovpddy0cmw,BANK_STATEMENT,UTR6JVMYJHJ,1199646,INR,2026-08-16,2026-08-26T03:42:40.634Z,BANK_CREDIT: 11996.46 INR,"{""reference"":""UTR6JVMYJHJ""}"
tx_t2m9vcrhnpm,BANK_STATEMENT,UTRA5ZTI2K3,1201462,INR,2026-07-17,2026-08-25T19:45:07.634Z,BANK_CREDIT: 12014.62 INR,"{""reference"":""UTRA5ZTI2K3""}"
tx_30t3h1sxv5c,BANK_STATEMENT,UTR2KEZLI1Z,2096219,INR,2026-07-15,2026-08-25T09:07:29.634Z,BANK_CREDIT: 20962.19 INR,"{""sourceAccountNumber"":""acc_7N2L9FS71BI""}"
tx_38s3zgwa59j,BANK_STATEMENT,UTRH3H6AIVN,571567,INR,2026-08-05,2026-08-25T20:15:39.634Z,BANK_CREDIT: 5715.67 INR,"{""reference"":""UTRH3H6AIVN""}"
tx_5hsjn54dcef,BANK_STATEMENT,UTRC3S3R3HX,1402905,INR,2026-08-16,2026-08-26T16:21:38.634Z,BANK_CREDIT_NET_REFUND: 14029.05 INR,"{""reference"":""UTRC3S3R3HX""}"
tx_6su9p4t9txt,BANK_STATEMENT,UTRHEHVGF7P,1273769,INR,2026-08-09,2026-08-26T05:51:16.634Z,BANK_CREDIT: 12737.69 INR,"{""reference"":""UTRHEHVGF7P""}"
tx_tyk9m0p1pgl,BANK_STATEMENT,UTRVKOWL0JD,2648886,INR,2026-08-14,2026-08-26T05:35:53.634Z,BANK_CREDIT: 26488.86 INR,"{""reference"":""UTRVKOWL0JD""}"
tx_whl83xwcsv,BANK_STATEMENT,UTR69V0VXPH,2556901,INR,2026-08-03,2026-08-26T16:54:02.634Z,BANK_CREDIT: 25569.01 INR,"{""reference"":""UTR69V0VXPH""}"
tx_du4d4jaas0o,BANK_STATEMENT,UTR4N94Y9WW,1138666,INR,2026-08-14,2026-08-26T14:00:23.634Z,BANK_CREDIT_BUNDLE: 11386.66 INR,"{""reference"":""UTR4N94Y9WW""}"
tx_x58ov038jhh,BANK_STATEMENT,UTRVV3YEDV3,4145125,INR,2026-08-24,2026-08-26T01:03:25.634Z,BANK_CREDIT: 41451.25 INR,"{""reference"":""UTRVV3YEDV3""}"
tx_qbom5imd74,BANK_STATEMENT,UTRL45GG6H3,1381185,INR,2026-08-11,2026-08-26T10:02:28.634Z,BANK_CREDIT: 13811.85 INR,"{""reference"":""UTRL45GG6H3""}"
tx_8xiadlop9p8,BANK_STATEMENT,XAPI3J1Y,2520564,INR,2026-08-24,2026-08-26T15:49:44.634Z,BANK_CREDIT: 25205.64 INR,"{""reference"":""XAPI3J1Y""}"
tx_bqjz8vym3xk,BANK_STATEMENT,UTR14SPCVYX,1926574,INR,2026-07-17,2026-08-25T12:53:50.634Z,BANK_CREDIT: 19265.74 INR,"{""sourceAccountNumber"":""acc_1A7MVVH3KDZ""}"
tx_nmy2g420abp,BANK_STATEMENT,UTRJEUKHQEC,3144678,INR,2026-07-20,2026-08-26T13:52:23.634Z,BANK_CREDIT: 31446.78 INR,"{""reference"":""UTRJEUKHQEC""}"
tx_jog8smueh1l,BANK_STATEMENT,UTR094S2KM6,276155,INR,2026-08-03,2026-08-24T19:45:02.634Z,BANK_CREDIT: 2761.55 INR,"{""sourceAccountNumber"":""acc_Y1KEVIDM88""}"
tx_3v61ds46quy,BANK_STATEMENT,UTRX8XYR91B,2114941,INR,2026-08-20,2026-08-26T01:48:00.634Z,BANK_CREDIT: 21149.41 INR,"{""reference"":""UTRX8XYR91B""}"
tx_k21v4xv081s,BANK_STATEMENT,UTRI0BBY5PQ,2122869,INR,2026-08-10,2026-08-26T01:35:33.634Z,BANK_CREDIT: 21228.69 INR,"{""reference"":""UTRI0BBY5PQ""}"
tx_zqivxy7asra,BANK_STATEMENT,UTRGQXBSP6H,4104150,INR,2026-08-21,2026-08-26T13:20:13.634Z,BANK_CREDIT_BUNDLE: 41041.5 INR,"{""reference"":""UTRGQXBSP6H""}"
tx_kwfk6wxb1x8,BANK_STATEMENT,UTRGPIRQA1F,3442289,INR,2026-08-05,2026-08-26T13:09:28.635Z,BANK_CREDIT: 34422.89 INR,"{""reference"":""UTRGPIRQA1F""}"
tx_vvjkkilsihr,BANK_STATEMENT,UTRDJ6DGICU,2847846,INR,2026-07-18,2026-08-26T10:07:23.635Z,BANK_CREDIT: 28478.46 INR,"{""reference"":""UTRDJ6DGICU""}"
tx_3zao2gyrct2,BANK_STATEMENT,UTRE9XS96CP,1057485,INR,2026-08-22,2026-08-26T02:48:36.635Z,BANK_CREDIT: 10574.85 INR,"{""reference"":""UTRE9XS96CP""}"
tx_5rgtuo9cxfc,BANK_STATEMENT,UTRT9BC3KYP,2309330,INR,2026-07-29,2026-08-25T19:18:21.635Z,BANK_CREDIT_NET_REFUND: 23093.3 INR,"{""reference"":""UTRT9BC3KYP""}"
tx_npazhojpx4a,BANK_STATEMENT,UTRXFFS0I7F,1805066,INR,2026-07-26,2026-08-26T03:55:34.635Z,BANK_CREDIT: 18050.66 INR,"{""reference"":""UTRXFFS0I7F""}"
tx_z3ci2kau2a8,BANK_STATEMENT,UTRWYVIXKTE,160107,INR,2026-07-15,2026-08-26T17:47:55.635Z,BANK_CREDIT_BUNDLE: 1601.07 INR,"{""reference"":""UTRWYVIXKTE""}"
tx_duz4l9ch9vr,BANK_STATEMENT,UTR1RV9KHYP,2123536,INR,2026-07-21,2026-08-25T20:07:12.635Z,BANK_CREDIT_NET_REFUND: 21235.36 INR,"{""reference"":""UTR1RV9KHYP""}"
tx_zrepa8bqfe,BANK_STATEMENT,UTRXY9Y4OCJ,152971,INR,2026-08-10,2026-08-26T01:01:58.635Z,BANK_CREDIT_NET_REFUND: 1529.71 INR,"{""reference"":""UTRXY9Y4OCJ""}"
tx_2uzdvjer9vm,BANK_STATEMENT,UTRD2ZJDWSG,514783,INR,2026-07-21,2026-08-26T04:21:21.635Z,BANK_CREDIT: 5147.83 INR,"{""reference"":""UTRD2ZJDWSG""}"
tx_pbyb3fblcpl,BANK_STATEMENT,UTR6J6ZTU2L,801731,INR,2026-08-14,2026-08-26T13:23:52.635Z,BANK_CREDIT_NET_REFUND: 8017.31 INR,"{""reference"":""UTR6J6ZTU2L""}"
tx_29oit9gxd2p,BANK_STATEMENT,UTRG9DB9EQD,557851,INR,2026-08-13,2026-08-26T15:42:21.635Z,BANK_CREDIT_BUNDLE: 5578.51 INR,"{""reference"":""UTRG9DB9EQD""}"
tx_sysi26d97y,BANK_STATEMENT,UTRCSY40CRF,107056,INR,2026-08-01,2026-08-26T07:07:06.635Z,BANK_CREDIT_BUNDLE: 1070.56 INR,"{""reference"":""UTRCSY40CRF""}"
tx_g88gt7y49m,BANK_STATEMENT,UTRRY42AWR8,3101955,INR,2026-08-05,2026-08-25T02:17:43.635Z,BANK_CREDIT: 31019.55 INR,"{""sourceAccountNumber"":""acc_UNQ5AFHFXJ""}"
tx_4gc2kpzsrev,BANK_STATEMENT,UTRGWJT224M,4346355,INR,2026-07-17,2026-08-26T16:38:47.635Z,BANK_CREDIT: 43463.55 INR,"{""reference"":""UTRGWJT224M""}"
tx_ebrnbka4iwd,BANK_STATEMENT,UTRZMDZ03LH,1065273,INR,2026-07-24,2026-08-25T20:44:56.635Z,BANK_CREDIT: 10652.73 INR,"{""reference"":""UTRZMDZ03LH""}"
tx_ojrvc3tukvi,BANK_STATEMENT,UTRLU6XPOFY,316614,INR,2026-07-24,2026-08-26T15:38:43.635Z,BANK_CREDIT: 3166.14 INR,"{""reference"":""UTRLU6XPOFY""}"
tx_mx9fg2ftnso,BANK_STATEMENT,UTR1T0VB0OP,1324202,INR,2026-08-22,2026-08-26T18:23:23.635Z,BANK_CREDIT: 13242.02 INR,"{""reference"":""UTR1T0VB0OP""}"
tx_h1epxdrc5nj,BANK_STATEMENT,UTRYJM9WLNI,3748042,INR,2026-07-23,2026-08-25T17:33:56.635Z,BANK_CREDIT: 37480.42 INR,"{""sourceAccountNumber"":""acc_NT72GU23CS""}"
tx_jdvwme3rdwo,BANK_STATEMENT,UTRN3A3CQCH,4058056,INR,2026-08-11,2026-08-26T07:08:16.635Z,BANK_CREDIT_BUNDLE: 40580.56 INR,"{""reference"":""UTRN3A3CQCH""}"
tx_ba3anv9vor,BANK_STATEMENT,UTR6Q6SWSPJ,1820183,INR,2026-08-15,2026-08-26T02:34:44.635Z,BANK_CREDIT: 18201.83 INR,"{""reference"":""UTR6Q6SWSPJ""}"
tx_xb1nq9phk2,BANK_STATEMENT,UTRAHXLGX7H,2837594,INR,2026-08-13,2026-08-26T08:17:44.635Z,BANK_CREDIT_BUNDLE: 28375.94 INR,"{""reference"":""UTRAHXLGX7H""}"
tx_0ym3knnzgi5,BANK_STATEMENT,UTRHVCBMKOJ,1376984,INR,2026-08-24,2026-08-26T06:58:48.635Z,BANK_CREDIT: 13769.84 INR,"{""reference"":""UTRHVCBMKOJ""}"
tx_ye2da7tbyzl,BANK_STATEMENT,UTRONDSQKR6,3990665,INR,2026-08-13,2026-08-26T04:01:17.635Z,BANK_CREDIT_BUNDLE: 39906.65 INR,"{""reference"":""UTRONDSQKR6""}"
tx_5obx0bfa2c,BANK_STATEMENT,UTRRPYXJWMK,2966211,INR,2026-07-27,2026-08-26T04:13:52.635Z,BANK_CREDIT_BUNDLE: 29662.11 INR,"{""reference"":""UTRRPYXJWMK""}"
tx_ss036j375g,BANK_STATEMENT,UTRC2R4EOS5,2186310,INR,2026-08-26,2026-08-25T22:50:35.635Z,BANK_CREDIT: 21863.1 INR,"{""reference"":""UTRC2R4EOS5""}"
tx_twi3sc5o0e,BANK_STATEMENT,UTR3H6CPDT7,511516,INR,2026-08-22,2026-08-26T18:26:02.635Z,BANK_CREDIT_BUNDLE: 5115.16 INR,"{""reference"":""UTR3H6CPDT7""}"
tx_7mz6w7m9y7l,BANK_STATEMENT, UTRZXUKQHV1 ,1220129,INR,2026-07-22,2026-08-26T15:03:41.635Z,BANK_CREDIT_NET_REFUND: 12201.29 INR,"{""reference"":"" UTRZXUKQHV1 ""}"
tx_63mxgs1t3bg,BANK_STATEMENT,UTRDETRGECR,3383425,INR,2026-07-27,2026-08-26T16:41:46.635Z,BANK_CREDIT: 33834.25 INR,"{""reference"":""UTRDETRGECR""}"
tx_f0dd16434pj,BANK_STATEMENT,UTRTLY5O0UQ,2105591,INR,2026-07-25,2026-08-25T19:44:57.635Z,BANK_CREDIT_NET_REFUND: 21055.91 INR,"{""reference"":""UTRTLY5O0UQ""}"
tx_4aibjf8ww9j,BANK_STATEMENT,UTRTOK0R1JP,2167936,INR,2026-08-09,2026-08-26T09:44:02.635Z,BANK_CREDIT_BUNDLE: 21679.36 INR,"{""reference"":""UTRTOK0R1JP""}"
tx_owr4bszymg,BANK_STATEMENT,UTRHSITH78A,3463446,INR,2026-08-14,2026-08-26T17:51:26.635Z,BANK_CREDIT: 34634.46 INR,"{""reference"":""UTRHSITH78A""}"
tx_f2c92x25gab,BANK_STATEMENT,UTRXKNSEW3P,2433759,INR,2026-07-31,2026-08-26T11:48:18.635Z,BANK_CREDIT_BUNDLE: 24337.59 INR,"{""reference"":""UTRXKNSEW3P""}"
tx_012dpx16eacp,BANK_STATEMENT,UTRZMD98F0J,3792847,INR,2026-08-20,2026-08-26T18:17:39.635Z,BANK_CREDIT: 37928.47 INR,"{""reference"":""UTRZMD98F0J""}"
tx_f38wsbayz86,BANK_STATEMENT,UTRT5SBUNP0,2140626,INR,2026-08-24,2026-08-26T04:14:41.635Z,BANK_CREDIT: 21406.26 INR,"{""reference"":""UTRT5SBUNP0""}"
tx_j7nn5ck5oso,BANK_STATEMENT,UTRBFVIHST3,4446924,INR,2026-08-05,2026-08-25T22:15:25.635Z,BANK_CREDIT: 44469.24 INR,"{""reference"":""UTRBFVIHST3""}"
tx_hd15z9qvdvq,BANK_STATEMENT,UTR1UAL47K3,2765645,INR,2026-08-02,2026-08-25T20:42:59.635Z,BANK_CREDIT: 27656.45 INR,"{""reference"":""UTR1UAL47K3""}"
tx_wcl2gdwc33,BANK_STATEMENT,UTR3TYURETB,1154819,INR,2026-08-23,2026-08-26T09:09:02.636Z,BANK_CREDIT_NET_REFUND: 11548.19 INR,"{""reference"":""UTR3TYURETB""}"
tx_37osx0gnal2,BANK_STATEMENT,UTR8AR65BAK,3322527,INR,2026-07-24,2026-08-25T19:48:39.636Z,BANK_CREDIT: 33225.27 INR,"{""reference"":""UTR8AR65BAK""}"
tx_kkfp4atl2ej,BANK_STATEMENT,UTRMM1URBVD,1929941,INR,2026-07-21,2026-08-26T15:47:02.636Z,BANK_CREDIT_BUNDLE: 19299.41 INR,"{""reference"":""UTRMM1URBVD""}"
tx_60f4b7geub,BANK_STATEMENT,UTR6IV028EX,4256589,INR,2026-07-15,2026-08-25T19:04:10.636Z,BANK_CREDIT: 42565.89 INR,"{""reference"":""UTR6IV028EX""}"
tx_d9sy37sk76e,BANK_STATEMENT,UTRQMWJ4U5A,1184585,INR,2026-08-06,2026-08-25T20:32:28.636Z,BANK_CREDIT: 11845.85 INR,"{""reference"":""UTRQMWJ4U5A""}"
tx_hjqrcsyh0dw,BANK_STATEMENT,UTR17S7LCBW,2844899,INR,2026-07-22,2026-08-25T22:52:08.636Z,BANK_CREDIT_BUNDLE: 28448.99 INR,"{""reference"":""UTR17S7LCBW""}"
tx_8qh5p544cg8,BANK_STATEMENT,UTRH7KI9KSY,2909937,INR,2026-08-11,2026-08-26T02:40:16.636Z,BANK_CREDIT_BUNDLE: 29099.37 INR,"{""reference"":""UTRH7KI9KSY""}"
tx_af289b0zlu,BANK_STATEMENT,UTR2TWS8SO2,3097198,INR,2026-08-10,2026-08-26T11:00:44.636Z,BANK_CREDIT: 30971.98 INR,"{""reference"":""UTR2TWS8SO2""}"
tx_wd1xztwztk8,BANK_STATEMENT,UTRP8L0VNO7,3155638,INR,2026-08-11,2026-08-24T20:44:00.636Z,BANK_CREDIT: 31556.38 INR,"{""sourceAccountNumber"":""acc_34P6RBJDLRW""}"
tx_sjtiiffsuwn,BANK_STATEMENT,UTRPBSV7D2F,3402371,INR,2026-08-02,2026-08-26T03:12:14.636Z,BANK_CREDIT_BUNDLE: 34023.71 INR,"{""reference"":""UTRPBSV7D2F""}"
tx_ys6snfk38z,BANK_STATEMENT,UTRK6M4OH0N,3112452,INR,2026-08-06,2026-08-26T17:30:58.636Z,BANK_CREDIT_BUNDLE: 31124.52 INR,"{""reference"":""UTRK6M4OH0N""}"
tx_haq3gyqmzcp,BANK_STATEMENT,UTRULE5SXBE,1789944,INR,2026-08-07,2026-08-25T19:34:14.636Z,BANK_CREDIT: 17899.44 INR,"{""reference"":""UTRULE5SXBE""}"
tx_fxseygn1jx5,BANK_STATEMENT,QKKOFFK9,609262,INR,2026-07-22,2026-08-26T04:06:12.636Z,BANK_CREDIT: 6092.62 INR,"{""reference"":""QKKOFFK9""}"
tx_rodhfl91atk,BANK_STATEMENT,UTRADZW2QS4,582645,INR,2026-08-07,2026-08-26T14:03:26.636Z,BANK_CREDIT: 5826.45 INR,"{""reference"":""UTRADZW2QS4""}"
tx_kcl11pmjli,BANK_STATEMENT,UTRGNJRHGVC,4126678,INR,2026-07-14,2026-08-26T17:08:27.636Z,BANK_CREDIT_BUNDLE: 41266.78 INR,"{""reference"":""UTRGNJRHGVC""}"
tx_em4ptm26m4o,BANK_STATEMENT,UTR7HCO6ZKA,4238972,INR,2026-08-06,2026-08-26T12:02:55.636Z,BANK_CREDIT_BUNDLE: 42389.72 INR,"{""reference"":""UTR7HCO6ZKA""}"
tx_l66qufiycy,BANK_STATEMENT,UTR3LEL7ZFX,1001902,INR,2026-07-22,2026-08-26T13:23:33.636Z,BANK_CREDIT: 10019.02 INR,"{""reference"":""UTR3LEL7ZFX""}"
tx_h0ht3fgqy0s,BANK_STATEMENT,UTRYO9K6NA0,847465,INR,2026-08-10,2026-08-25T19:14:56.636Z,BANK_CREDIT: 8474.65 INR,"{""reference"":""UTRYO9K6NA0""}"
tx_9c8slffjg8v,BANK_STATEMENT,UTRDBH00NXX,1604047,INR,2026-07-13,2026-08-26T17:31:37.636Z,BANK_CREDIT: 16040.47 INR,"{""reference"":""UTRDBH00NXX""}"
tx_si1n7ozdb69,BANK_STATEMENT,UTRCBSRSABD,1470309,INR,2026-08-07,2026-08-25T19:01:02.636Z,BANK_CREDIT_NET_REFUND: 14703.09 INR,"{""reference"":""UTRCBSRSABD""}"
tx_lmfm22fhzn,BANK_STATEMENT,UTROWRK1SCB,396579,INR,2026-07-26,2026-08-25T21:06:20.636Z,BANK_CREDIT: 3965.79 INR,"{""reference"":""UTROWRK1SCB""}"
tx_lgrsprcilmo,BANK_STATEMENT,UTR9CIICETZ,142803,INR,2026-08-01,2026-08-26T08:12:05.636Z,BANK_CREDIT_BUNDLE: 1428.03 INR,"{""reference"":""UTR9CIICETZ""}"
tx_6174xoad4xh,BANK_STATEMENT,UTR8IJL2GFD,2095604,INR,2026-07-15,2026-08-26T00:23:09.636Z,BANK_CREDIT_NET_REFUND: 20956.04 INR,"{""reference"":""UTR8IJL2GFD""}"
tx_qr0muf1ec1b,BANK_STATEMENT,UTRPV1BJ9I7,3574214,INR,2026-07-22,2026-08-25T19:08:29.636Z,BANK_CREDIT: 35742.14 INR,"{""reference"":""UTRPV1BJ9I7""}"
tx_vl2hmiyuhyb,BANK_STATEMENT,UTRGFFTV88K,1177615,INR,2026-08-06,2026-08-25T22:20:00.636Z,BANK_CREDIT: 11776.15 INR,"{""reference"":""UTRGFFTV88K""}"
tx_d2xu0nuxj06,BANK_STATEMENT,UTROJFG8ECB,829674,INR,2026-08-08,2026-08-26T17:24:59.636Z,BANK_CREDIT: 8296.74 INR,"{""reference"":""UTROJFG8ECB""}"
tx_6dv3pigigo5,BANK_STATEMENT,UTRVPIBTIVM,2310009,INR,2026-08-18,2026-08-26T16:55:57.636Z,BANK_CREDIT: 23100.09 INR,"{""reference"":""UTRVPIBTIVM""}"
tx_5i7z3ukzklo,BANK_STATEMENT,UTR599AWUXC,2017154,INR,2026-08-07,2026-08-26T09:33:26.636Z,BANK_CREDIT_NET_REFUND: 20171.54 INR,"{""reference"":""UTR599AWUXC""}"
tx_br25o5pf7mi,BANK_STATEMENT,UTRRLGM5TWS,1015014,INR,2026-07-15,2026-08-25T23:10:46.636Z,BANK_CREDIT: 10150.14 INR,"{""reference"":""UTRRLGM5TWS""}"
tx_rrn26a11bnm,BANK_STATEMENT,UTRA8H3MC3A,2264008,INR,2026-07-23,2026-08-26T05:43:29.636Z,BANK_CREDIT: 22640.08 INR,"{""reference"":""UTRA8H3MC3A""}"
tx_hr4v2wgmv4,BANK_STATEMENT,UTRKHTGVEAB,3198990,INR,2026-07-27,2026-08-26T03:09:14.636Z,BANK_CREDIT: 31989.9 INR,"{""reference"":""UTRKHTGVEAB""}"
tx_y3qtvjw129i,BANK_STATEMENT,UTRGYGCQBHI,1622602,INR,2026-07-27,2026-08-25T22:38:38.636Z,BANK_CREDIT: 16226.02 INR,"{""reference"":""UTRGYGCQBHI""}"
tx_skpf5kj4de,BANK_STATEMENT, UTRL9JYD8GH ,3763101,INR,2026-08-18,2026-08-26T04:03:07.636Z,BANK_CREDIT: 37631.01 INR,"{""reference"":"" UTRL9JYD8GH ""}"
tx_howb8sfnqz4,BANK_STATEMENT,UTRN9K563JJ,2129905,INR,2026-08-14,2026-08-26T07:04:23.636Z,BANK_CREDIT: 21299.05 INR,"{""reference"":""UTRN9K563JJ""}"
tx_gkth7cda9es,BANK_STATEMENT,UTRNXG7VD7S,3041636,INR,2026-07-31,2026-08-26T03:56:13.636Z,BANK_CREDIT: 30416.36 INR,"{""reference"":""UTRNXG7VD7S""}"
tx_wf9nh4nywh8,BANK_STATEMENT,UTRWWQFSJ8V,459026,INR,2026-08-05,2026-08-25T22:02:49.636Z,BANK_CREDIT_BUNDLE: 4590.26 INR,"{""reference"":""UTRWWQFSJ8V""}"
tx_xs49cm4mno,BANK_STATEMENT,UTRELTMTAJT,2680592,INR,2026-08-22,2026-08-25T00:15:16.636Z,BANK_CREDIT: 26805.92 INR,"{""sourceAccountNumber"":""acc_R2722JG10P""}"
tx_9x19ophocg5,BANK_STATEMENT,UTR0R6OWJ8L,809437,INR,2026-07-13,2026-08-26T01:12:57.636Z,BANK_CREDIT_NET_REFUND: 8094.37 INR,"{""reference"":""UTR0R6OWJ8L""}"
tx_jv6bdlvn5ze,BANK_STATEMENT,UTR6HPPTAWD,391519,INR,2026-08-10,2026-08-25T23:41:49.636Z,BANK_CREDIT: 3915.19 INR,"{""reference"":""UTR6HPPTAWD""}"
tx_431mkdztphh,BANK_STATEMENT,UTRETK8LLZO,1184950,INR,2026-08-15,2026-08-26T06:20:02.636Z,BANK_CREDIT: 11849.5 INR,"{""reference"":""UTRETK8LLZO""}"
tx_oojaww1gb5,BANK_STATEMENT,UTRCIZ2UWHI,4101935,INR,2026-08-01,2026-08-25T01:49:26.636Z,BANK_CREDIT: 41019.35 INR,"{""sourceAccountNumber"":""acc_VI2GYHHLVUJ""}"
tx_g2020ey7l34,BANK_STATEMENT,UTRR5P0LIJQ,4251271,INR,2026-07-18,2026-08-26T15:59:53.637Z,BANK_CREDIT: 42512.71 INR,"{""reference"":""UTRR5P0LIJQ""}"
tx_og1f26tlay,BANK_STATEMENT,UTRU2L8Q2V1,3224331,INR,2026-08-17,2026-08-25T23:42:26.637Z,BANK_CREDIT: 32243.31 INR,"{""reference"":""UTRU2L8Q2V1""}"
tx_x8ipbh87kba,BANK_STATEMENT,UTROYXSFR00,2646761,INR,2026-08-02,2026-08-26T03:10:39.637Z,BANK_CREDIT_BUNDLE: 26467.61 INR,"{""reference"":""UTROYXSFR00""}"
tx_nn670jfepfd,BANK_STATEMENT,UTR9XOS6R0H,2645504,INR,2026-07-20,2026-08-26T01:02:28.637Z,BANK_CREDIT_NET_REFUND: 26455.04 INR,"{""reference"":""UTR9XOS6R0H""}"
tx_ncx3ocybsue,BANK_STATEMENT,UTR88IWIHQJ,2562957,INR,2026-07-28,2026-08-26T01:06:22.637Z,BANK_CREDIT_NET_REFUND: 25629.57 INR,"{""reference"":""UTR88IWIHQJ""}"
tx_i2t53lzk3if,BANK_STATEMENT,UTRTI1CNFGS,1904843,INR,2026-08-10,2026-08-26T08:25:01.637Z,BANK_CREDIT: 19048.43 INR,"{""reference"":""UTRTI1CNFGS""}"
tx_yzxbkvbeisr,BANK_STATEMENT,UTR4YOC70N1,347504,INR,2026-08-22,2026-08-26T11:26:06.637Z,BANK_CREDIT_NET_REFUND: 3475.04 INR,"{""reference"":""UTR4YOC70N1""}"
tx_7sdzqxqdd5q,BANK_STATEMENT,UTRYLGV3T6I,2854846,INR,2026-07-31,2026-08-25T20:01:12.637Z,BANK_CREDIT: 28548.46 INR,"{""reference"":""UTRYLGV3T6I""}"
tx_68t9ik7vxpr,BANK_STATEMENT,UTRYPHHY23B,1195585,INR,2026-08-23,2026-08-26T17:20:44.637Z,BANK_CREDIT_BUNDLE: 11955.85 INR,"{""reference"":""UTRYPHHY23B""}"
tx_tgodkt257o,BANK_STATEMENT, UTRURRX8T6P ,666464,INR,2026-08-21,2026-08-26T10:57:40.637Z,BANK_CREDIT_BUNDLE: 6664.64 INR,"{""reference"":"" UTRURRX8T6P ""}"
tx_uedmsx1ekmb,BANK_STATEMENT,UTRJ3QCR328,1052529,INR,2026-08-07,2026-08-26T01:37:34.637Z,BANK_CREDIT_BUNDLE: 10525.29 INR,"{""reference"":""UTRJ3QCR328""}"
tx_tqm9gmaul7,BANK_STATEMENT,UTRS4V916PA,131810,INR,2026-08-12,2026-08-26T16:34:33.637Z,BANK_CREDIT_BUNDLE: 1318.1 INR,"{""reference"":""UTRS4V916PA""}"
tx_aetgr43yhfu,BANK_STATEMENT,UTR0JY7QEEJ,459215,INR,2026-08-17,2026-08-26T16:44:38.637Z,BANK_CREDIT: 4592.15 INR,"{""reference"":""UTR0JY7QEEJ""}"
tx_p9xcbuqiv2f,BANK_STATEMENT,UTRX09KR6PW,1091307,INR,2026-07-18,2026-08-26T05:23:49.637Z,BANK_CREDIT: 10913.07 INR,"{""reference"":""UTRX09KR6PW""}"
tx_tib8d42owy9,BANK_STATEMENT,UTR6YWYVVT8,4069990,INR,2026-07-28,2026-08-26T08:41:51.637Z,BANK_CREDIT_BUNDLE: 40699.9 INR,"{""reference"":""UTR6YWYVVT8""}"
tx_khqmtzfopxr,BANK_STATEMENT,UTR9MCR2Y7K,246013,INR,2026-08-11,2026-08-26T16:53:21.637Z,BANK_CREDIT_BUNDLE: 2460.13 INR,"{""reference"":""UTR9MCR2Y7K""}"
tx_2anznbwu7kd,BANK_STATEMENT,UTR66C25ZO2,1013541,INR,2026-07-22,2026-08-26T11:22:34.637Z,BANK_CREDIT_BUNDLE: 10135.41 INR,"{""reference"":""UTR66C25ZO2""}"
tx_5tvyogbuexl,BANK_STATEMENT,UTR1UYT3L2I,2917021,INR,2026-07-20,2026-08-24T22:05:22.637Z,BANK_CREDIT: 29170.21 INR,"{""sourceAccountNumber"":""acc_V6MKQUV2KB9""}"
tx_3udgq52xs2r,BANK_STATEMENT,ZI3Q7SIV,1683801,INR,2026-08-15,2026-08-26T14:27:27.637Z,BANK_CREDIT: 16838.01 INR,"{""reference"":""ZI3Q7SIV""}"
tx_iloardkrope,BANK_STATEMENT,UTRGIQ0HQGP,2975179,INR,2026-07-22,2026-08-25T21:17:58.637Z,BANK_CREDIT: 29751.79 INR,"{""reference"":""UTRGIQ0HQGP""}"
tx_az2mm7rmaqn,BANK_STATEMENT,UTRU05D116Q,1066750,INR,2026-07-14,2026-08-26T00:46:03.637Z,BANK_CREDIT_NET_REFUND: 10667.5 INR,"{""reference"":""UTRU05D116Q""}"
tx_3fevjufsdlt,BANK_STATEMENT,UTRT8QZMSN2,3879764,INR,2026-07-23,2026-08-26T15:35:23.637Z,BANK_CREDIT: 38797.64 INR,"{""reference"":""UTRT8QZMSN2""}"
tx_5qoiwxecy5f,BANK_STATEMENT,UTRV8LSCSPH,211374,INR,2026-08-15,2026-08-26T02:41:26.637Z,BANK_CREDIT: 2113.74 INR,"{""reference"":""UTRV8LSCSPH""}"
tx_6z50is18pzx,BANK_STATEMENT,UTRK4WP19PD,2710761,INR,2026-08-14,2026-08-26T00:11:24.637Z,BANK_CREDIT: 27107.61 INR,"{""reference"":""UTRK4WP19PD""}"
tx_ymotm2bmve,BANK_STATEMENT,LWRCO1WZ,3513023,INR,2026-07-19,2026-08-26T02:39:52.637Z,BANK_CREDIT_BUNDLE: 35130.23 INR,"{""reference"":""LWRCO1WZ""}"
tx_6q37ouy3kn9,BANK_STATEMENT,UTRJVENMQ3W,4216201,INR,2026-07-12,2026-08-26T09:17:19.637Z,BANK_CREDIT: 42162.01 INR,"{""reference"":""UTRJVENMQ3W""}"
tx_wf9t0y37ulq,BANK_STATEMENT,UTRL0OJSJAN,3916709,INR,2026-08-22,2026-08-26T16:17:05.637Z,BANK_CREDIT: 39167.09 INR,"{""reference"":""UTRL0OJSJAN""}"
tx_vf22ixf9ao,BANK_STATEMENT,UTR71V4IY2M,392717,INR,2026-08-02,2026-08-26T03:17:30.637Z,BANK_CREDIT: 3927.17 INR,"{""reference"":""UTR71V4IY2M""}"
tx_5cpfeej58ab,BANK_STATEMENT,UTR81QHH1TT,3696655,INR,2026-08-23,2026-08-26T11:49:26.637Z,BANK_CREDIT: 36966.55 INR,"{""reference"":""UTR81QHH1TT""}"
tx_q1vnt3c5o5p,BANK_STATEMENT,UTRTS3WKUW8,628315,INR,2026-07-21,2026-08-26T10:31:28.637Z,BANK_CREDIT_NET_REFUND: 6283.15 INR,"{""reference"":""UTRTS3WKUW8""}"
tx_4nhkz1o8j8i,BANK_STATEMENT,UTRVL6MUJ3S,1226152,INR,2026-08-19,2026-08-25T21:05:35.638Z,BANK_CREDIT_BUNDLE: 12261.52 INR,"{""reference"":""UTRVL6MUJ3S""}"
tx_5elg48byapi,BANK_STATEMENT,UTRQNXUHIZV,1204850,INR,2026-08-07,2026-08-26T14:50:13.638Z,BANK_CREDIT: 12048.5 INR,"{""reference"":""UTRQNXUHIZV""}"
tx_pgmntvo0ir,BANK_STATEMENT,UTRFAHFG1EM,645778,INR,2026-08-04,2026-08-25T09:51:32.638Z,BANK_CREDIT: 6457.78 INR,"{""sourceAccountNumber"":""acc_1BOPHYIAIEI""}"
tx_t1501vsjjr9,BANK_STATEMENT,UTR0KTNFOQH,386751,INR,2026-08-16,2026-08-26T03:42:25.638Z,BANK_CREDIT_BUNDLE: 3867.51 INR,"{""reference"":""UTR0KTNFOQH""}"
tx_zldlm8o1lvp,BANK_STATEMENT,UTR4CEXA5Z0,2193635,INR,2026-07-10,2026-08-25T19:02:00.638Z,BANK_CREDIT_NET_REFUND: 21936.35 INR,"{""reference"":""UTR4CEXA5Z0""}"
tx_edlhijrysd,BANK_STATEMENT,UTRYXD9TJQR,3034799,INR,2026-08-16,2026-08-25T21:00:17.638Z,BANK_CREDIT: 30347.99 INR,"{""reference"":""UTRYXD9TJQR""}"
tx_5yjo9ekpf97,BANK_STATEMENT,UTRD0JKS9RW,1212623,INR,2026-08-21,2026-08-26T17:57:20.638Z,BANK_CREDIT: 12126.23 INR,"{""reference"":""UTRD0JKS9RW""}"
tx_bb5x64klxef,BANK_STATEMENT,UTROYETVLMD,169642,INR,2026-07-12,2026-08-25T23:19:18.638Z,BANK_CREDIT_NET_REFUND: 1696.42 INR,"{""reference"":""UTROYETVLMD""}"
tx_xni6w7fos6c,BANK_STATEMENT,UTRMDPIAHKV,2358876,INR,2026-08-22,2026-08-26T06:00:19.638Z,BANK_CREDIT: 23588.76 INR,"{""reference"":""UTRMDPIAHKV""}"
tx_5h8kmuejyrq,BANK_STATEMENT,UTR7U9GUC6E,1217235,INR,2026-08-14,2026-08-26T12:00:54.638Z,BANK_CREDIT: 12172.35 INR,"{""reference"":""UTR7U9GUC6E""}"
tx_na3iugdt93,BANK_STATEMENT,UTRKE4X6CCW,3444294,INR,2026-08-02,2026-08-26T10:26:15.638Z,BANK_CREDIT: 34442.94 INR,"{""reference"":""UTRKE4X6CCW""}"
tx_ul5f3m3whr,BANK_STATEMENT,UTRVTQP7D9A,548910,INR,2026-08-11,2026-08-25T22:43:16.638Z,BANK_CREDIT: 5489.1 INR,"{""reference"":""UTRVTQP7D9A""}"
tx_r8d4h7uxwbi,BANK_STATEMENT,UTRTG3SY7Y5,1890783,INR,2026-08-15,2026-08-26T00:04:53.638Z,BANK_CREDIT: 18907.83 INR,"{""reference"":""UTRTG3SY7Y5""}"
tx_ilkkwfdqyxp,BANK_STATEMENT,UTRSM8RE5BY,630983,INR,2026-07-28,2026-08-25T12:18:52.638Z,BANK_CREDIT: 6309.83 INR,"{""sourceAccountNumber"":""acc_CQMBXB4ANQV""}"
tx_ylztvr0u5,BANK_STATEMENT,UTR50EA8EQJ,773084,INR,2026-08-17,2026-08-26T02:01:53.638Z,BANK_CREDIT_NET_REFUND: 7730.84 INR,"{""reference"":""UTR50EA8EQJ""}"
tx_lywlusyljcl,BANK_STATEMENT,UTRFSAZYDEA,2013069,INR,2026-07-27,2026-08-26T15:02:12.638Z,BANK_CREDIT_BUNDLE: 20130.69 INR,"{""reference"":""UTRFSAZYDEA""}"
tx_bhct7mg0iph,BANK_STATEMENT,UTRNX3DGOIW,2507855,INR,2026-08-12,2026-08-26T11:03:43.638Z,BANK_CREDIT_NET_REFUND: 25078.55 INR,"{""reference"":""UTRNX3DGOIW""}"
tx_v4y1brcbrsr,BANK_STATEMENT,UTRAX04YZK3,2619055,INR,2026-08-09,2026-08-26T12:25:32.638Z,BANK_CREDIT: 26190.55 INR,"{""reference"":""UTRAX04YZK3""}"
tx_bxdcrxy4d6,BANK_STATEMENT,UTRX55VECE5,232344,INR,2026-08-02,2026-08-26T12:44:03.638Z,BANK_CREDIT_BUNDLE: 2323.44 INR,"{""reference"":""UTRX55VECE5""}"
tx_ksg8x1mrrfk,BANK_STATEMENT,UTRNXKZCCN3,2164226,INR,2026-07-15,2026-08-26T13:02:19.638Z,BANK_CREDIT_BUNDLE: 21642.26 INR,"{""reference"":""UTRNXKZCCN3""}"
tx_1cdsjkbczun,BANK_STATEMENT,UTRT9JTVW2G,942347,INR,2026-07-29,2026-08-26T08:06:20.638Z,BANK_CREDIT: 9423.47 INR,"{""reference"":""UTRT9JTVW2G""}"
tx_lhtonh9vbrr,BANK_STATEMENT,UTRYYJTEMTG,2436396,INR,2026-08-05,2026-08-26T03:52:03.638Z,BANK_CREDIT_NET_REFUND: 24363.96 INR,"{""reference"":""UTRYYJTEMTG""}"
tx_pasjdrxgls8,BANK_STATEMENT,utrd5kz9bgr,2534602,INR,2026-07-12,2026-08-26T17:01:47.638Z,BANK_CREDIT: 25346.02 INR,"{""reference"":""utrd5kz9bgr""}"
tx_kokn8leiwl,BANK_STATEMENT,UTRIBXQ70BF,1413625,INR,2026-08-04,2026-08-25T20:52:21.638Z,BANK_CREDIT: 14136.25 INR,"{""reference"":""UTRIBXQ70BF""}"
tx_svi6q6cl3f,BANK_STATEMENT,UTR0T6G02C4,1798844,INR,2026-07-25,2026-08-25T19:14:31.638Z,BANK_CREDIT: 17988.44 INR,"{""reference"":""UTR0T6G02C4""}"
tx_bkogog88mp,BANK_STATEMENT,UTR2TEJKS7K,788250,INR,2026-07-27,2026-08-26T04:44:55.638Z,BANK_CREDIT_BUNDLE: 7882.5 INR,"{""reference"":""UTR2TEJKS7K""}"
tx_q5yngew6ni8,BANK_STATEMENT,UT7R3IO3AI1,2777192,INR,2026-07-22,2026-08-26T02:35:20.638Z,BANK_CREDIT: 27771.92 INR,"{""reference"":""UT7R3IO3AI1""}"
tx_unxo5zadncg,BANK_STATEMENT,UTRT8NXZQVE,1309838,INR,2026-08-02,2026-08-26T17:53:10.638Z,BANK_CREDIT_BUNDLE: 13098.38 INR,"{""reference"":""UTRT8NXZQVE""}"
tx_k56pyalwdhm,BANK_STATEMENT,UTRVPQUP9UU,4361697,INR,2026-08-15,2026-08-26T16:17:08.638Z,BANK_CREDIT: 43616.97 INR,"{""reference"":""UTRVPQUP9UU""}"
tx_m9ba9ggmp2,BANK_STATEMENT,UTRW65R4WJ5,3054560,INR,2026-08-08,2026-08-25T22:39:41.638Z,BANK_CREDIT: 30545.6 INR,"{""reference"":""UTRW65R4WJ5""}"
tx_l32ghezlmud,BANK_STATEMENT,UTRE3MU1ALR,3308466,INR,2026-08-23,2026-08-26T09:47:09.638Z,BANK_CREDIT: 33084.66 INR,"{""reference"":""UTRE3MU1ALR""}"
tx_bkub137sp1a,BANK_STATEMENT,UTRSU8YL10V,1579547,INR,2026-07-20,2026-08-25T20:24:01.638Z,BANK_CREDIT_BUNDLE: 15795.47 INR,"{""reference"":""UTRSU8YL10V""}"
tx_fwxdcpypiq,BANK_STATEMENT,UTR7S1MU9NQ,1163817,INR,2026-07-13,2026-08-25T22:02:31.638Z,BANK_CREDIT: 11638.17 INR,"{""reference"":""UTR7S1MU9NQ""}"
tx_zvmpdp6jxt,BANK_STATEMENT,UTR2FBEOBNG,2490681,INR,2026-07-17,2026-08-26T00:20:27.638Z,BANK_CREDIT: 24906.81 INR,"{""reference"":""UTR2FBEOBNG""}"
tx_607ac35m8fw,BANK_STATEMENT,UTRGC6AE14Y,4273756,INR,2026-08-11,2026-08-26T14:03:26.639Z,BANK_CREDIT: 42737.56 INR,"{""reference"":""UTRGC6AE14Y""}"
tx_26ep6ys29wz,BANK_STATEMENT,UTRYGOMRNFF,316720,INR,2026-07-17,2026-08-26T05:05:25.639Z,BANK_CREDIT: 3167.2 INR,"{""reference"":""UTRYGOMRNFF""}"
tx_3pw7uav7y4a,BANK_STATEMENT,UTROP6YL4OJ,1528521,INR,2026-07-21,2026-08-25T21:27:44.639Z,BANK_CREDIT_NET_REFUND: 15285.21 INR,"{""reference"":""UTROP6YL4OJ""}"
tx_dwdsu74qjps,BANK_STATEMENT,UTR15MY951X,1293562,INR,2026-08-13,2026-08-25T20:26:38.639Z,BANK_CREDIT: 12935.62 INR,"{""reference"":""UTR15MY951X""}"
tx_voo9yj7xc5,BANK_STATEMENT,UTR0WDT22GH,666997,INR,2026-07-24,2026-08-26T08:36:57.639Z,BANK_CREDIT_BUNDLE: 6669.97 INR,"{""reference"":""UTR0WDT22GH""}"
tx_g3u2sqb5cd,BANK_STATEMENT,UTR5LH79FN1,3517765,INR,2026-08-19,2026-08-25T23:31:47.639Z,BANK_CREDIT: 35177.65 INR,"{""reference"":""UTR5LH79FN1""}"
tx_g4vkhh87ka6,BANK_STATEMENT,UTRO8P7YX3R,877337,INR,2026-08-07,2026-08-26T11:27:59.639Z,BANK_CREDIT_NET_REFUND: 8773.37 INR,"{""reference"":""UTRO8P7YX3R""}"
tx_lqguaa4rs2,BANK_STATEMENT,UTRG2OZ8992,2179575,INR,2026-08-11,2026-08-26T17:06:52.639Z,BANK_CREDIT_NET_REFUND: 21795.75 INR,"{""reference"":""UTRG2OZ8992""}"
tx_z3csjltzj2i,BANK_STATEMENT,GWFUMGZI,1851717,INR,2026-08-29,2026-08-26T04:18:37.639Z,BANK_CREDIT: 18517.17 INR,"{""reference"":""GWFUMGZI""}"
tx_rf95f2nq0p,BANK_STATEMENT,UTR3C7ANAVY,3773372,INR,2026-07-28,2026-08-26T02:02:33.639Z,BANK_CREDIT: 37733.72 INR,"{""reference"":""UTR3C7ANAVY""}"
tx_5ovjbo805l8,BANK_STATEMENT,UTRQEJ8BW6Z,274913,INR,2026-08-09,2026-08-25T21:34:55.639Z,BANK_CREDIT: 2749.13 INR,"{""reference"":""UTRQEJ8BW6Z""}"
tx_jgpdq0t0ew,BANK_STATEMENT,UTRLS1S9ZAZ,3315609,INR,2026-08-17,2026-08-26T04:01:06.639Z,BANK_CREDIT: 33156.09 INR,"{""reference"":""UTRLS1S9ZAZ""}"
tx_naocht6isj,BANK_STATEMENT,UTRVGWX8Q90,1867527,INR,2026-08-01,2026-08-25T19:23:24.639Z,BANK_CREDIT_NET_REFUND: 18675.27 INR,"{""reference"":""UTRVGWX8Q90""}"
tx_xlukm2viyck,BANK_STATEMENT,UTRZCSLIHIH,4237021,INR,2026-08-23,2026-08-26T09:20:26.639Z,BANK_CREDIT: 42370.21 INR,"{""reference"":""UTRZCSLIHIH""}"
tx_q1h1ya3kbsc,BANK_STATEMENT,UTRAI966M51,403197,INR,2026-08-01,2026-08-26T12:00:13.639Z,BANK_CREDIT_NET_REFUND: 4031.97 INR,"{""reference"":""UTRAI966M51""}"
tx_n1palh40vzm,BANK_STATEMENT,UTREC3XPTU7,4321429,INR,2026-08-20,2026-08-26T11:12:51.639Z,BANK_CREDIT: 43214.29 INR,"{""reference"":""UTREC3XPTU7""}"
tx_zqm9p0svl6,BANK_STATEMENT,UTR21NG5RHH,930492,INR,2026-07-22,2026-08-26T12:52:40.639Z,BANK_CREDIT: 9304.92 INR,"{""reference"":""UTR21NG5RHH""}"
tx_42utlwdcer7,BANK_STATEMENT,UTRR2HLBC6H,3108180,INR,2026-08-11,2026-08-26T13:23:37.639Z,BANK_CREDIT_NET_REFUND: 31081.8 INR,"{""reference"":""UTRR2HLBC6H""}"
tx_pbdzh8qxon,BANK_STATEMENT,UTR9Q5XO14K,2099991,INR,2026-07-14,2026-08-25T21:00:20.639Z,BANK_CREDIT_BUNDLE: 20999.91 INR,"{""reference"":""UTR9Q5XO14K""}"
tx_zt0w1t852s,BANK_STATEMENT,UTRQ8V26TDQ,643130,INR,2026-07-20,2026-08-25T19:49:44.639Z,BANK_CREDIT_NET_REFUND: 6431.3 INR,"{""reference"":""UTRQ8V26TDQ""}"
tx_tsaetxqndwc,BANK_STATEMENT,UTR80A3W6BB,2962024,INR,2026-07-25,2026-08-25T22:40:09.639Z,BANK_CREDIT_NET_REFUND: 29620.24 INR,"{""reference"":""UTR80A3W6BB""}"
tx_iqtzw4r7tuo,BANK_STATEMENT,UTRIILEVEXX,356574,INR,2026-08-17,2026-08-26T04:28:28.639Z,BANK_CREDIT: 3565.74 INR,"{""reference"":""UTRIILEVEXX""}"
tx_phw0c8jd3u,BANK_STATEMENT,UTRPM84BRWE,3392602,INR,2026-08-31,2026-08-26T01:17:39.639Z,BANK_CREDIT: 33926.02 INR,"{""reference"":""UTRPM84BRWE""}"
tx_mqun0oapb6q,BANK_STATEMENT,UTREBB9VOAJ,1839730,INR,2026-08-23,2026-08-26T10:21:14.639Z,BANK_CREDIT: 18397.3 INR,"{""reference"":""UTREBB9VOAJ""}"
tx_elbjd33bdzw,BANK_STATEMENT,UTR81IEPSO1,3883588,INR,2026-07-25,2026-08-25T19:57:12.639Z,BANK_CREDIT: 38835.88 INR,"{""reference"":""UTR81IEPSO1""}"
tx_fyelj0s4oyw,BANK_STATEMENT,UTRAF78WZ6I,3898754,INR,2026-07-31,2026-08-25T15:23:19.639Z,BANK_CREDIT: 38987.54 INR,"{""sourceAccountNumber"":""acc_QY9ML93N37""}"
tx_d1nckfc4j0h,BANK_STATEMENT,UTRWOBI4ZX3,2392797,INR,2026-07-19,2026-08-26T07:12:53.639Z,BANK_CREDIT: 23927.97 INR,"{""reference"":""UTRWOBI4ZX3""}"
tx_c1ysc9x0t9r,BANK_STATEMENT,UTR4EFDTBYX,2436104,INR,2026-08-04,2026-08-26T11:18:40.639Z,BANK_CREDIT_BUNDLE: 24361.04 INR,"{""reference"":""UTR4EFDTBYX""}"
tx_apcls03vxp7,BANK_STATEMENT,UTR192Q8IP4,443313,INR,2026-07-26,2026-08-26T14:55:58.639Z,BANK_CREDIT: 4433.13 INR,"{""reference"":""UTR192Q8IP4""}"
tx_j5zssrvqd4,BANK_STATEMENT,UTRKF5T1ELN,2494058,INR,2026-08-02,2026-08-26T08:56:53.639Z,BANK_CREDIT_NET_REFUND: 24940.58 INR,"{""reference"":""UTRKF5T1ELN""}"
tx_yh9ap4omm2,BANK_STATEMENT,UTR56JNQYBO,3269319,INR,2026-08-13,2026-08-26T08:00:20.639Z,BANK_CREDIT_BUNDLE: 32693.19 INR,"{""reference"":""UTR56JNQYBO""}"
tx_cni5twugekp,BANK_STATEMENT,UTR0B71BNHB,945543,INR,2026-07-13,2026-08-26T09:34:22.639Z,BANK_CREDIT: 9455.43 INR,"{""reference"":""UTR0B71BNHB""}"
tx_kjyznxf7odo,BANK_STATEMENT,UTR99JWJ61J,2902580,INR,2026-08-12,2026-08-25T19:08:01.639Z,BANK_CREDIT: 29025.8 INR,"{""reference"":""UTR99JWJ61J""}"
tx_lx686xr4ab,BANK_STATEMENT,UTR1LIZ5BWU,3073675,INR,2026-08-23,2026-08-26T04:59:24.639Z,BANK_CREDIT_BUNDLE: 30736.75 INR,"{""reference"":""UTR1LIZ5BWU""}"
tx_heucbi2osjc,BANK_STATEMENT,UTRDEPKZ8NF,3776497,INR,2026-08-12,2026-08-26T15:55:37.639Z,BANK_CREDIT: 37764.97 INR,"{""reference"":""UTRDEPKZ8NF""}"
tx_tfjf948sj,BANK_STATEMENT,UTROXJBD64K,418271,INR,2026-07-17,2026-08-26T06:26:39.639Z,BANK_CREDIT_NET_REFUND: 4182.71 INR,"{""reference"":""UTROXJBD64K""}"
tx_6mi0yamqiip,BANK_STATEMENT,UTRS24SLIJ2,3383779,INR,2026-08-13,2026-08-26T13:19:09.640Z,BANK_CREDIT_BUNDLE: 33837.79 INR,"{""reference"":""UTRS24SLIJ2""}"
tx_i2n39neydp,BANK_STATEMENT,UTROZ2GDOW8,2779425,INR,2026-08-13,2026-08-26T05:13:44.640Z,BANK_CREDIT: 27794.25 INR,"{""reference"":""UTROZ2GDOW8""}"
tx_tbtrlajggm,BANK_STATEMENT,UTRAKWT1Z6K,1675223,INR,2026-07-11,2026-08-25T21:55:45.640Z,BANK_CREDIT_BUNDLE: 16752.23 INR,"{""reference"":""UTRAKWT1Z6K""}"
tx_n2i3o2mbw8o,BANK_STATEMENT,UTR72W8U8VL,1831783,INR,2026-08-18,2026-08-26T08:03:06.640Z,BANK_CREDIT_NET_REFUND: 18317.83 INR,"{""reference"":""UTR72W8U8VL""}"
tx_xelf8irr69r,BANK_STATEMENT,UTRTU9JIETI,2929211,INR,2026-07-13,2026-08-26T06:40:49.640Z,BANK_CREDIT_NET_REFUND: 29292.11 INR,"{""reference"":""UTRTU9JIETI""}"
tx_rakcga1g2hg,BANK_STATEMENT,UTRLY2V06H1,1782066,INR,2026-08-09,2026-08-25T21:22:32.640Z,BANK_CREDIT_BUNDLE: 17820.66 INR,"{""reference"":""UTRLY2V06H1""}"
tx_27qisn5icewj,BANK_STATEMENT,UTRHPXCMUWT,3181789,INR,2026-08-22,2026-08-25T16:03:11.640Z,BANK_CREDIT: 31817.89 INR,"{""sourceAccountNumber"":""acc_ZRSPIMCW2IP""}"
tx_a06kiumaw2t,BANK_STATEMENT,UTRUUR23738,4125476,INR,2026-08-08,2026-08-26T01:30:17.640Z,BANK_CREDIT_BUNDLE: 41254.76 INR,"{""reference"":""UTRUUR23738""}"
tx_c3bya3ovw78,BANK_STATEMENT,UTR7SE65VKB,998320,INR,2026-08-25,2026-08-26T12:00:36.640Z,BANK_CREDIT_NET_REFUND: 9983.2 INR,"{""reference"":""UTR7SE65VKB""}"
tx_e40ukq6vj6q,BANK_STATEMENT,UTRULNBOSLN,1102816,INR,2026-07-11,2026-08-25T22:59:56.640Z,BANK_CREDIT_BUNDLE: 11028.16 INR,"{""reference"":""UTRULNBOSLN""}"
tx_4wqx9hxga3x,BANK_STATEMENT,UTRG57E0CIQ,732285,INR,2026-08-12,2026-08-26T14:32:46.640Z,BANK_CREDIT: 7322.85 INR,"{""reference"":""UTRG57E0CIQ""}"
tx_xvayk5czzus,BANK_STATEMENT,UTRGU5AU3L2,1846006,INR,2026-07-19,2026-08-26T15:32:46.640Z,BANK_CREDIT_BUNDLE: 18460.06 INR,"{""reference"":""UTRGU5AU3L2""}"
tx_6odsqsypy35,BANK_STATEMENT,UTROZW0GI9W,3347085,INR,2026-08-19,2026-08-25T22:10:01.640Z,BANK_CREDIT_BUNDLE: 33470.85 INR,"{""reference"":""UTROZW0GI9W""}"
tx_4hcntsnpihl,BANK_STATEMENT,UTRROZADJ82,404020,INR,2026-07-15,2026-08-26T15:05:51.640Z,BANK_CREDIT: 4040.2 INR,"{""reference"":""UTRROZADJ82""}"
tx_yaqxy1a7yt,BANK_STATEMENT,UTRZSQGG8GO,3034490,INR,2026-07-14,2026-08-25T20:49:44.640Z,BANK_CREDIT: 30344.9 INR,"{""reference"":""UTRZSQGG8GO""}"
tx_tzxy4djazcm,BANK_STATEMENT,UTRENSUJ0N2,1236179,INR,2026-07-29,2026-08-26T09:53:41.640Z,BANK_CREDIT: 12361.79 INR,"{""reference"":""UTRENSUJ0N2""}"
tx_vid7dipllui,BANK_STATEMENT,UTRIS6H4M4M,1751104,INR,2026-07-28,2026-08-25T10:59:42.640Z,BANK_CREDIT: 17511.04 INR,"{""sourceAccountNumber"":""acc_HKZL7OXNI4M""}"
tx_kyfcqcebmao,BANK_STATEMENT,UTR8OEEE0T4,2060165,INR,2026-08-04,2026-08-26T14:08:24.640Z,BANK_CREDIT: 20601.65 INR,"{""reference"":""UTR8OEEE0T4""}"
tx_wy1f090clf8,BANK_STATEMENT,UTR0P2800N2,1066306,INR,2026-07-14,2026-08-26T11:07:27.640Z,BANK_CREDIT: 10663.06 INR,"{""reference"":""UTR0P2800N2""}"
tx_k3zglm8uzj,BANK_STATEMENT,UTRQRNAXWY0,1639765,INR,2026-08-09,2026-08-26T00:03:40.641Z,BANK_CREDIT_BUNDLE: 16397.65 INR,"{""reference"":""UTRQRNAXWY0""}"
tx_thkh8nrkom,BANK_STATEMENT,UTRN4DJHSFR,3498552,INR,2026-07-29,2026-08-26T05:06:46.641Z,BANK_CREDIT: 34985.52 INR,"{""reference"":""UTRN4DJHSFR""}"
tx_2pdknb4xd6p,BANK_STATEMENT,UTRXAZSMGU6,2570368,INR,2026-08-07,2026-08-26T13:11:21.641Z,BANK_CREDIT_BUNDLE: 25703.68 INR,"{""reference"":""UTRXAZSMGU6""}"
tx_29f7lapiaak,BANK_STATEMENT,UTRB4WTNRGN,1007126,INR,2026-07-30,2026-08-25T22:07:14.641Z,BANK_CREDIT_BUNDLE: 10071.26 INR,"{""reference"":""UTRB4WTNRGN""}"
tx_64rc2ywulba,BANK_STATEMENT,UTR0H7U3G8O,3198410,INR,2026-08-03,2026-08-26T09:30:09.641Z,BANK_CREDIT: 31984.1 INR,"{""reference"":""UTR0H7U3G8O""}"
tx_yz3r3zyyxi9,BANK_STATEMENT,UTR2FHL87H0,3152057,INR,2026-08-23,2026-08-26T17:03:08.641Z,BANK_CREDIT: 31520.57 INR,"{""reference"":""UTR2FHL87H0""}"
tx_w2l2lggevh,BANK_STATEMENT,VI5O4BJ2,2550142,INR,2026-07-31,2026-08-25T20:22:15.641Z,BANK_CREDIT: 25501.42 INR,"{""reference"":""VI5O4BJ2""}"
tx_qcsxnzhwkda,BANK_STATEMENT,UTRYST1TWUZ,2779723,INR,2026-08-06,2026-08-26T02:33:08.641Z,BANK_CREDIT_BUNDLE: 27797.23 INR,"{""reference"":""UTRYST1TWUZ""}"
tx_ltt71v04eon,BANK_STATEMENT,UTRHL526RRA,627747,INR,2026-08-22,2026-08-26T02:20:32.641Z,BANK_CREDIT: 6277.47 INR,"{""reference"":""UTRHL526RRA""}"
tx_nwlmqrc4k5j,BANK_STATEMENT,UTRSC2I83TE,2545932,INR,2026-07-14,2026-08-25T22:21:23.641Z,BANK_CREDIT: 25459.32 INR,"{""reference"":""UTRSC2I83TE""}"
tx_uwfs5mmod8m,BANK_STATEMENT,UTRCGIOCU6Q,3497361,INR,2026-07-15,2026-08-26T05:28:22.641Z,BANK_CREDIT: 34973.61 INR,"{""reference"":""UTRCGIOCU6Q""}"
tx_2w7mehmlwsy,BANK_STATEMENT,UTRZHHTBUQU,2002131,INR,2026-07-29,2026-08-26T13:51:08.641Z,BANK_CREDIT_BUNDLE: 20021.31 INR,"{""reference"":""UTRZHHTBUQU""}"
tx_k0v1zws5p9h,BANK_STATEMENT,UTRS401DACD,3441598,INR,2026-08-21,2026-08-26T03:12:52.641Z,BANK_CREDIT_BUNDLE: 34415.98 INR,"{""reference"":""UTRS401DACD""}"
tx_tplpbr4nrn,BANK_STATEMENT,UTRT7TMX3WX,1984136,INR,2026-07-30,2026-08-26T04:26:42.641Z,BANK_CREDIT: 19841.36 INR,"{""reference"":""UTRT7TMX3WX""}"
tx_ps82b5n6vqg,BANK_STATEMENT,UTR0YE2ZDA5,999236,INR,2026-07-24,2026-08-25T19:25:44.641Z,BANK_CREDIT_BUNDLE: 9992.36 INR,"{""reference"":""UTR0YE2ZDA5""}"
tx_7xqwcopm9gf,BANK_STATEMENT,UTR5IZJTKHZ,3779915,INR,2026-08-10,2026-08-26T13:56:12.641Z,BANK_CREDIT_BUNDLE: 37799.15 INR,"{""reference"":""UTR5IZJTKHZ""}"
tx_3tqt5ckiwwg,BANK_STATEMENT,UTRP2AWY30H,686051,INR,2026-07-14,2026-08-26T11:22:09.641Z,BANK_CREDIT: 6860.51 INR,"{""reference"":""UTRP2AWY30H""}"
tx_ptpauebrft,BANK_STATEMENT,UTRAAN0JYRF,3301140,INR,2026-08-17,2026-08-26T08:20:19.641Z,BANK_CREDIT: 33011.4 INR,"{""reference"":""UTRAAN0JYRF""}"
tx_yury8utr5ac,BANK_STATEMENT,UTR3RXZDH26,1256356,INR,2026-07-18,2026-08-25T18:35:21.641Z,BANK_CREDIT: 12563.56 INR,"{""reference"":""UTR3RXZDH26""}"
tx_dl1xuh6n0lu,BANK_STATEMENT,UTRYOQFZ6Q9,414522,INR,2026-07-27,2026-08-26T07:02:38.642Z,BANK_CREDIT_BUNDLE: 4145.22 INR,"{""reference"":""UTRYOQFZ6Q9""}"
tx_7r5icv43jta,BANK_STATEMENT,UTR7T84N0PT,452055,INR,2026-08-06,2026-08-25T14:38:34.642Z,BANK_CREDIT: 4520.55 INR,"{""sourceAccountNumber"":""acc_6CJ6P0E6VCD""}"
tx_alp2j66g88r,BANK_STATEMENT,UTRW3M9MVHL,1002990,INR,2026-08-04,2026-08-24T19:12:35.642Z,BANK_CREDIT: 10029.9 INR,"{""sourceAccountNumber"":""acc_03MDONTL229E""}"
tx_ymni0hhkipa,BANK_STATEMENT,UTRWXSW2UM7,586727,INR,2026-07-23,2026-08-25T20:31:16.642Z,BANK_CREDIT: 5867.27 INR,"{""reference"":""UTRWXSW2UM7""}"
tx_8aeb68vvk6m,BANK_STATEMENT,UTRCA1C4P30,2858716,INR,2026-07-26,2026-08-26T17:23:39.642Z,BANK_CREDIT_BUNDLE: 28587.16 INR,"{""reference"":""UTRCA1C4P30""}"
tx_kokebcwu5g,BANK_STATEMENT,UTRKXKYF0ZQ,274076,INR,2026-07-09,2026-08-25T07:48:19.642Z,BANK_CREDIT: 2740.76 INR,"{""sourceAccountNumber"":""acc_T39GDF715W""}"
tx_hd73tw63bvi,BANK_STATEMENT,UTRSOBW9OK4,398628,INR,2026-08-03,2026-08-25T23:34:54.642Z,BANK_CREDIT: 3986.28 INR,"{""reference"":""UTRSOBW9OK4""}"
tx_h7kzikjf25a,BANK_STATEMENT,UTRELZJ3AAP,4209076,INR,2026-08-16,2026-08-26T00:10:22.642Z,BANK_CREDIT: 42090.76 INR,"{""reference"":""UTRELZJ3AAP""}"
tx_mz6dil5qusk,BANK_STATEMENT,UTR9OX99ZRK,1055301,INR,2026-07-23,2026-08-25T21:01:08.642Z,BANK_CREDIT_BUNDLE: 10553.01 INR,"{""reference"":""UTR9OX99ZRK""}"
tx_g3arkny301p,BANK_STATEMENT,UTRVNXLWTK2,2351291,INR,2026-08-20,2026-08-25T20:50:16.642Z,BANK_CREDIT_BUNDLE: 23512.91 INR,"{""reference"":""UTRVNXLWTK2""}"
tx_97b7igvcbzd,BANK_STATEMENT,UTR84J3V03N,1768488,INR,2026-08-07,2026-08-26T03:12:49.642Z,BANK_CREDIT: 17684.88 INR,"{""reference"":""UTR84J3V03N""}"
tx_ltigcpp9oy,BANK_STATEMENT,UTRMGBFIO30,4408197,INR,2026-08-05,2026-08-26T11:08:18.642Z,BANK_CREDIT: 44081.97 INR,"{""reference"":""UTRMGBFIO30""}"
tx_mspltpz70i,BANK_STATEMENT,UTR051ACJRQ,2196978,INR,2026-07-27,2026-08-26T11:41:31.642Z,BANK_CREDIT: 21969.78 INR,"{""reference"":""UTR051ACJRQ""}"
tx_tudpjck6eie,BANK_STATEMENT,UTRLIJBE8SB,3523048,INR,2026-08-01,2026-08-26T11:08:31.642Z,BANK_CREDIT: 35230.48 INR,"{""reference"":""UTRLIJBE8SB""}"
tx_d4kha8pz81h,BANK_STATEMENT,UTRQO495RWW,503928,INR,2026-08-01,2026-08-26T17:48:57.642Z,BANK_CREDIT: 5039.28 INR,"{""reference"":""UTRQO495RWW""}"
tx_ec4va6y5btu,BANK_STATEMENT,UTRTI6FEZXC,1097044,INR,2026-08-24,2026-08-26T06:52:29.642Z,BANK_CREDIT: 10970.44 INR,"{""reference"":""UTRTI6FEZXC""}"
tx_4fptths0pcd,BANK_STATEMENT,UTRLKLBMOCV,3815160,INR,2026-07-20,2026-08-26T10:44:56.642Z,BANK_CREDIT: 38151.6 INR,"{""reference"":""UTRLKLBMOCV""}"
tx_kraktz79x9,BANK_STATEMENT,UTR10FX5FX9,4103771,INR,2026-08-10,2026-08-26T07:56:32.642Z,BANK_CREDIT_BUNDLE: 41037.71 INR,"{""reference"":""UTR10FX5FX9""}"