"transactionRecordId","dataSource","externalReference","amountPaise","currencyCode","transactionDate","ingestedAt","rawDescription","rawPayload","matchGroupId"
tx_v2e6mttfmvp,GATEWAY_SETTLEMENT,pay_IT4NJJU2,718752,INR,2026-07-29,2026-08-23T11:12:26.040Z,PAYPAL SETTLEMENT: 7187.52 INR,"{""gatewayProvider"":""BRAINTREE"",""reference"":""pay_IT4NJJU2""}",tx_nlys2whvcm
tx_103g8ccwarj,GATEWAY_SETTLEMENT,pay_I6D4K3ET,1716291,INR,2026-07-24,2026-08-22T23:38:33.040Z,BRAINTREE SETTLEMENT: 17162.91 INR,"{""gatewayProvider"":""RAZORPAY"",""reference"":""pay_I6D4K3ET""}",tx_5smd7pmgpzb
tx_p2rb9ripeu,GATEWAY_SETTLEMENT,pay_BOD8I13K,1562350,INR,2026-08-04,2026-08-23T03:33:40.040Z,SQUARE SETTLEMENT: 15623.5 INR,"{""gatewayProvider"":""SQUARE"",""reference"":""pay_BOD8I13K""}",tx_8ze412okxji
tx_il8283wylce,GATEWAY_SETTLEMENT,pay_EJDBCWTC,3138211,INR,2026-07-10,2026-08-22T23:20:52.040Z,STRIPE SETTLEMENT: 31382.11 INR,"{""gatewayProvider"":""RAZORPAY"",""reference"":""pay_EJDBCWTC""}",tx_y9cr73g91a
tx_wc8t8pmzsz,GATEWAY_SETTLEMENT,pay_4E1A09TU,4184917,INR,2026-08-12,2026-08-23T09:58:07.041Z,RAZORPAY SETTLEMENT: 41849.17 INR,"{""gatewayProvider"":""SQUARE"",""reference"":""pay_4E1A09TU""}",tx_1bserzhrj3h
tx_xdtmijxd12,GATEWAY_SETTLEMENT,pay_CQ3OT9NJ,298167,INR,2026-08-03,2026-08-23T06:51:35.041Z,PAYPAL SETTLEMENT: 2981.67 INR,"{""gatewayProvider"":""RAZORPAY"",""reference"":""pay_CQ3OT9NJ""}",tx_47n3k52yjvs
tx_xvy26jhro6,GATEWAY_SETTLEMENT,pay_DIRSCF17,3040635,INR,2026-08-16,2026-08-23T16:09:50.041Z,BRAINTREE SETTLEMENT: 30406.35 INR,"{""gatewayProvider"":""RAZORPAY"",""reference"":""pay_DIRSCF17""}",tx_b22zmkkhsxu
tx_h4wxprpdfup,GATEWAY_SETTLEMENT,pay_EAL15XCS,3626715,INR,2026-08-06,2026-08-23T07:08:38.041Z,STRIPE SETTLEMENT: 36267.15 INR,"{""gatewayProvider"":""PAYPAL"",""reference"":""pay_EAL15XCS""}",tx_pcm5qrrm9hh
tx_5yt46dos2ln,GATEWAY_SETTLEMENT,pay_CJ47CG51,662189,INR,2026-08-06,2026-08-23T09:19:45.041Z,BRAINTREE SETTLEMENT: 6621.89 INR,"{""gatewayProvider"":""RAZORPAY"",""reference"":""pay_CJ47CG51""}",tx_658gsi1yg57
tx_akinwb4potm,GATEWAY_SETTLEMENT,pay_9WEKD3ZT,2391561,INR,2026-07-14,2026-08-22T23:32:24.041Z,STRIPE SETTLEMENT: 23915.61 INR,"{""gatewayProvider"":""RAZORPAY"",""reference"":""pay_9WEKD3ZT""}",tx_psqnlwya08
tx_it9yj2s62nq,GATEWAY_SETTLEMENT,pay_O01YE1TM,3395171,INR,2026-07-30,2026-08-23T11:36:53.043Z,BRAINTREE SETTLEMENT: 33951.71 INR,"{""gatewayProvider"":""STRIPE"",""reference"":""pay_O01YE1TM""}",tx_0cmmvmdh9qsc
tx_pxaa5zh06g,GATEWAY_SETTLEMENT,pay_3G6ATQQM,126202,INR,2026-07-16,2026-08-23T11:30:32.044Z,SQUARE SETTLEMENT: 1262.02 INR,"{""gatewayProvider"":""PAYPAL"",""reference"":""pay_3G6ATQQM""}",tx_6gu887gg5d3
tx_yp4aphb8fal,GATEWAY_SETTLEMENT,pay_e6fsblzm,2279792,INR,2026-07-10,2026-08-23T10:39:10.044Z,BRAINTREE SETTLEMENT: 22797.92 INR,"{""gatewayProvider"":""SQUARE"",""reference"":""pay_e6fsblzm""}",tx_569n2vm4sjh
tx_g8igdte1tj7,GATEWAY_SETTLEMENT,pay_I7W0ZJRW,2786860,INR,2026-08-06,2026-08-22T00:53:57.044Z,PAYPAL PAYMENT: 27868.6 INR,"{""gatewayProvider"":""SQUARE""}",
tx_eoiie3y2ymb,GATEWAY_SETTLEMENT,pay_QKWMLGXT,2551703,INR,2026-08-19,2026-08-23T02:11:31.044Z,SQUARE SETTLEMENT: 25517.03 INR,"{""gatewayProvider"":""PAYPAL"",""reference"":""pay_QKWMLGXT""}",tx_pjvglworuh
tx_uasdadol1fj,GATEWAY_SETTLEMENT,pay_IRXPTSQG,1174049,INR,2026-07-17,2026-08-23T01:24:49.044Z,SQUARE SETTLEMENT: 11740.49 INR,"{""gatewayProvider"":""PAYPAL"",""reference"":""pay_IRXPTSQG""}",tx_daedi9xmoc
tx_rl7um9cklm,GATEWAY_SETTLEMENT,pay_Y9MQ6LT7,3886674,INR,2026-08-16,2026-08-23T11:08:21.044Z,BRAINTREE SETTLEMENT: 38866.74 INR,"{""gatewayProvider"":""BRAINTREE"",""reference"":""pay_Y9MQ6LT7""}",tx_pnur88xh558
tx_tjswlhhhb9h,GATEWAY_SETTLEMENT,pay_R40EQK8T,4419357,INR,2026-07-12,2026-08-23T15:14:38.044Z,RAZORPAY SETTLEMENT: 44193.57 INR,"{""gatewayProvider"":""SQUARE"",""reference"":""pay_R40EQK8T""}",tx_7s6xvpm078g
tx_tvi42mitzyl,GATEWAY_SETTLEMENT, pay_KGQJZCSW ,3919133,INR,2026-08-10,2026-08-23T04:48:26.044Z,PAYPAL SETTLEMENT: 39191.33 INR,"{""gatewayProvider"":""SQUARE"",""reference"":"" pay_KGQJZCSW ""}",tx_kyneek2gl7r
tx_enxyyedykb,GATEWAY_SETTLEMENT,pay_MRFZMHT3,1562384,INR,2026-08-01,2026-08-23T09:49:52.044Z,STRIPE SETTLEMENT: 15623.84 INR,"{""gatewayProvider"":""SQUARE"",""reference"":""pay_MRFZMHT3""}",tx_gn0xw97o6b4
tx_ymgeot5bra,GATEWAY_SETTLEMENT,pay_9M6ADD5K,146282,INR,2026-08-04,2026-08-22T12:36:56.044Z,RAZORPAY PAYMENT: 1462.82 INR,"{""gatewayProvider"":""SQUARE""}",
tx_use5kw1d1vk,GATEWAY_SETTLEMENT,pay_UPGNHOBZ,3639417,INR,2026-07-20,2026-08-21T22:46:34.044Z,PAYPAL PAYMENT: 36394.17 INR,"{""gatewayProvider"":""RAZORPAY""}",
tx_2s3t346jd0x,GATEWAY_SETTLEMENT,pay_OA96XZ3W,1851590,INR,2026-08-01,2026-08-22T17:25:01.044Z,PAYPAL PAYMENT: 18515.9 INR,"{""gatewayProvider"":""SQUARE""}",
tx_cjh6mu2k8el,GATEWAY_SETTLEMENT,pay_B8JJ0LZM,3796796,INR,2026-07-20,2026-08-23T13:50:56.044Z,BRAINTREE SETTLEMENT: 37967.96 INR,"{""gatewayProvider"":""BRAINTREE"",""reference"":""pay_B8JJ0LZM""}",tx_13at1k6z4dsf
tx_j19whmzimv,GATEWAY_SETTLEMENT,pay_FWM7Q11S,3221796,INR,2026-07-18,2026-08-23T06:06:24.044Z,RAZORPAY SETTLEMENT: 32217.96 INR,"{""gatewayProvider"":""PAYPAL"",""reference"":""pay_FWM7Q11S""}",tx_il65yofu12
tx_f4dt24v2rbm,GATEWAY_SETTLEMENT,pay_MT3R15IF,290194,INR,2026-07-20,2026-08-23T03:46:21.044Z,RAZORPAY SETTLEMENT: 2901.94 INR,"{""gatewayProvider"":""PAYPAL"",""reference"":""pay_MT3R15IF""}",tx_wv8j7jb1fjg
tx_lfz9kguassj,GATEWAY_SETTLEMENT,ZOKU5MPV,631796,INR,2026-08-03,2026-08-23T05:59:29.044Z,STRIPE SETTLEMENT: 6317.96 INR,"{""gatewayProvider"":""RAZORPAY"",""reference"":""ZOKU5MPV""}",tx_qles0ziu4yn
tx_wayf0vfpj9n,GATEWAY_SETTLEMENT,pay_D4MAJEPL,1253301,INR,2026-08-14,2026-08-23T17:57:35.044Z,PAYPAL SETTLEMENT: 12533.01 INR,"{""gatewayProvider"":""PAYPAL"",""reference"":""pay_D4MAJEPL""}",tx_2ws6n30coh
tx_za27jed4l1f,GATEWAY_SETTLEMENT,pay_ZEC0W423,720154,INR,2026-07-08,2026-08-23T11:03:27.044Z,RAZORPAY SETTLEMENT: 7201.54 INR,"{""gatewayProvider"":""RAZORPAY"",""reference"":""pay_ZEC0W423""}",tx_lgc7a10s1gp
tx_afuf281pu65,GATEWAY_SETTLEMENT,pay_O64YRFB6,2312754,INR,2026-07-27,2026-08-23T11:30:38.044Z,STRIPE SETTLEMENT: 23127.54 INR,"{""gatewayProvider"":""BRAINTREE"",""reference"":""pay_O64YRFB6""}",tx_lqovpmis9l8
tx_5ywd13s36yx,GATEWAY_SETTLEMENT,pay_8UKJFJUS,2169705,INR,2026-07-11,2026-08-23T12:11:05.044Z,BRAINTREE SETTLEMENT: 21697.05 INR,"{""gatewayProvider"":""STRIPE"",""reference"":""pay_8UKJFJUS""}",tx_dsjc496hbf5
tx_d372zfiwopc,GATEWAY_SETTLEMENT,pay_917PESDC,932165,INR,2026-08-02,2026-08-23T05:27:47.044Z,BRAINTREE SETTLEMENT: 9321.65 INR,"{""gatewayProvider"":""SQUARE"",""reference"":""pay_917PESDC""}",tx_v5scq0bpltd
tx_6t6s4fd8zbo,GATEWAY_SETTLEMENT,pay_NEJ59TF5,3440985,INR,2026-07-13,2026-08-23T08:09:39.044Z,RAZORPAY SETTLEMENT: 34409.85 INR,"{""gatewayProvider"":""SQUARE"",""reference"":""pay_NEJ59TF5""}",tx_uxbe31i43zj
tx_t7lz9cudio,GATEWAY_SETTLEMENT,pay_UZWHQ8KW,3905786,INR,2026-07-21,2026-08-21T20:10:01.044Z,BRAINTREE PAYMENT: 39057.86 INR,"{""gatewayProvider"":""SQUARE""}",
tx_th58wd0zlre,GATEWAY_SETTLEMENT,pay_IL7NA8CQ,979719,INR,2026-07-13,2026-08-23T06:38:55.044Z,STRIPE SETTLEMENT: 9797.19 INR,"{""gatewayProvider"":""RAZORPAY"",""reference"":""pay_IL7NA8CQ""}",tx_qgb0tm94j9
tx_gneythyh0nr,GATEWAY_SETTLEMENT,pay_I3XND7F8,638399,INR,2026-07-16,2026-08-23T09:35:16.044Z,BRAINTREE SETTLEMENT: 6383.99 INR,"{""gatewayProvider"":""STRIPE"",""reference"":""pay_I3XND7F8""}",tx_3ee17bblxza
tx_db2a9wec5zv,GATEWAY_SETTLEMENT,pay_17XF3W7W,1230918,INR,2026-07-16,2026-08-22T22:14:22.044Z,SQUARE SETTLEMENT: 12309.18 INR,"{""gatewayProvider"":""SQUARE"",""reference"":""pay_17XF3W7W""}",tx_q59apnxitn8
tx_e3faqggb8mq,GATEWAY_SETTLEMENT,pay_FHQMV4Q5,867501,INR,2026-07-23,2026-08-23T14:54:39.044Z,STRIPE SETTLEMENT: 8675.01 INR,"{""gatewayProvider"":""RAZORPAY"",""reference"":""pay_FHQMV4Q5""}",tx_4dh0b7tpym7
tx_ths7qyhuhph,GATEWAY_SETTLEMENT,pay_ES2MQGJY,1285962,INR,2026-07-23,2026-08-23T07:44:56.044Z,SQUARE SETTLEMENT: 12859.62 INR,"{""gatewayProvider"":""RAZORPAY"",""reference"":""pay_ES2MQGJY""}",tx_o88rntnrq0r
tx_oycewp9675q,GATEWAY_SETTLEMENT,pay_BZINODK1,4365855,INR,2026-07-22,2026-08-23T07:36:01.044Z,RAZORPAY SETTLEMENT: 43658.55 INR,"{""gatewayProvider"":""PAYPAL"",""reference"":""pay_BZINODK1""}",tx_iksqm6hpinh
tx_17ibdp2cpv7,GATEWAY_SETTLEMENT,pay_SN4F6SL6,2689309,INR,2026-07-18,2026-08-23T12:33:09.044Z,PAYPAL SETTLEMENT: 26893.09 INR,"{""gatewayProvider"":""STRIPE"",""reference"":""pay_SN4F6SL6""}",tx_8dwyrmmrpye
tx_hj8rejofg5u,GATEWAY_SETTLEMENT,pay_QQHDSPTE,1214599,INR,2026-07-31,2026-08-23T00:08:27.044Z,SQUARE SETTLEMENT: 12145.99 INR,"{""gatewayProvider"":""SQUARE"",""reference"":""pay_QQHDSPTE""}",tx_5ts33vdtkyl
tx_798edswails,GATEWAY_SETTLEMENT,pay_GF9UK8KN,271550,INR,2026-08-15,2026-08-23T00:04:36.044Z,STRIPE SETTLEMENT: 2715.5 INR,"{""gatewayProvider"":""RAZORPAY"",""reference"":""pay_GF9UK8KN""}",tx_z6euxk28a3h
tx_vfvqzwu3h8,GATEWAY_SETTLEMENT,pay_I9GVFTHW,1353952,INR,2026-07-14,2026-08-23T09:34:41.044Z,SQUARE SETTLEMENT: 13539.52 INR,"{""gatewayProvider"":""PAYPAL"",""reference"":""pay_I9GVFTHW""}",tx_o2gto0hzxg
tx_4mnnup15or7,GATEWAY_SETTLEMENT,pay_443GH3DS,2102554,INR,2026-07-27,2026-08-22T14:26:26.044Z,STRIPE PAYMENT: 21025.54 INR,"{""gatewayProvider"":""STRIPE""}",
tx_8jz5vdeno4i,GATEWAY_SETTLEMENT,pay_MYIMYGYN,1824941,INR,2026-08-15,2026-08-22T23:17:15.044Z,BRAINTREE SETTLEMENT: 18249.41 INR,"{""gatewayProvider"":""STRIPE"",""reference"":""pay_MYIMYGYN""}",tx_khrd16q92l
tx_onyc1ytzeh,GATEWAY_SETTLEMENT,pay_T0B8MGW5,886347,INR,2026-08-03,2026-08-23T17:54:33.044Z,BRAINTREE SETTLEMENT: 8863.47 INR,"{""gatewayProvider"":""STRIPE"",""reference"":""pay_T0B8MGW5""}",tx_lw71galydkj
tx_v7j2vfekd5k,GATEWAY_SETTLEMENT,pay_X65URRXL,1325872,INR,2026-07-12,2026-08-23T13:35:34.044Z,SQUARE SETTLEMENT: 13258.72 INR,"{""gatewayProvider"":""RAZORPAY"",""reference"":""pay_X65URRXL""}",tx_858zcx7ervq
tx_k6n2nko0l2,GATEWAY_SETTLEMENT,pay_QCIGKAJI,843476,INR,2026-08-02,2026-08-22T22:51:44.044Z,BRAINTREE SETTLEMENT: 8434.76 INR,"{""gatewayProvider"":""STRIPE"",""reference"":""pay_QCIGKAJI""}",tx_i4f682wb5c
tx_5um1jjo258q,GATEWAY_SETTLEMENT,pay_9U0DAON6,452380,INR,2026-07-24,2026-08-23T12:56:18.044Z,RAZORPAY SETTLEMENT: 4523.8 INR,"{""gatewayProvider"":""RAZORPAY"",""reference"":""pay_9U0DAON6""}",tx_hx1kg1kqxcs
tx_8n99gag494r,GATEWAY_SETTLEMENT,pay_6D6UTRIW,841139,INR,2026-08-07,2026-08-23T09:46:33.044Z,RAZORPAY SETTLEMENT: 8411.39 INR,"{""gatewayProvider"":""SQUARE"",""reference"":""pay_6D6UTRIW""}",tx_hdmrev0vqa5
tx_7c1620j7x1d,GATEWAY_SETTLEMENT,pay_7QSOXKJE,1914358,INR,2026-07-23,2026-08-23T10:13:46.046Z,SQUARE SETTLEMENT: 19143.58 INR,"{""gatewayProvider"":""BRAINTREE"",""reference"":""pay_7QSOXKJE""}",tx_55k3rui8y0c
tx_qadn4masptr,GATEWAY_SETTLEMENT,pay_DTGQVY8O,3888859,INR,2026-07-22,2026-08-22T22:07:26.047Z,RAZORPAY SETTLEMENT: 38888.59 INR,"{""gatewayProvider"":""SQUARE"",""reference"":""pay_DTGQVY8O""}",tx_6l1ankr60wj
tx_e9mv51gq8hu,GATEWAY_SETTLEMENT,pay_2189QX1K,3841361,INR,2026-07-31,2026-08-22T21:18:09.047Z,STRIPE SETTLEMENT: 38413.61 INR,"{""gatewayProvider"":""RAZORPAY"",""reference"":""pay_2189QX1K""}",tx_grcskqofiyv
tx_kbj0neq6a3,GATEWAY_SETTLEMENT,pay_0J8X5RLD,2082387,INR,2026-08-04,2026-08-23T18:02:40.047Z,PAYPAL SETTLEMENT: 20823.87 INR,"{""gatewayProvider"":""STRIPE"",""reference"":""pay_0J8X5RLD""}",tx_qa6yqhlkzf
tx_4hxcgaidvaw,GATEWAY_SETTLEMENT,pay_RA8XLRC5,98490,INR,2026-07-10,2026-08-23T14:46:35.047Z,STRIPE SETTLEMENT: 984.9 INR,"{""gatewayProvider"":""SQUARE"",""reference"":""pay_RA8XLRC5""}",tx_rdwmlyey2g
tx_49cpm5hf6sw,GATEWAY_SETTLEMENT,pay_OO5J1CIG,4156939,INR,2026-07-24,2026-08-23T01:24:02.047Z,STRIPE SETTLEMENT: 41569.39 INR,"{""gatewayProvider"":""STRIPE"",""reference"":""pay_OO5J1CIG""}",tx_dsyv3gmlr6o
tx_vhcg4bw7j,GATEWAY_SETTLEMENT,pay_QPJANIUY,2228991,INR,2026-07-06,2026-08-23T17:56:16.047Z,STRIPE SETTLEMENT: 22289.91 INR,"{""gatewayProvider"":""PAYPAL"",""reference"":""pay_QPJANIUY""}",tx_63dtrfz0ryq
tx_lv58puu7vpj,GATEWAY_SETTLEMENT,pay_0AVXW55G,423351,INR,2026-07-06,2026-08-23T03:40:06.047Z,RAZORPAY SETTLEMENT: 4233.51 INR,"{""gatewayProvider"":""SQUARE"",""reference"":""pay_0AVXW55G""}",tx_wzdkggu1pcd
tx_bas8ud9v6i,GATEWAY_SETTLEMENT,pay_GMOZXEWI,4064929,INR,2026-08-03,2026-08-23T12:28:49.047Z,SQUARE SETTLEMENT: 40649.29 INR,"{""gatewayProvider"":""SQUARE"",""reference"":""pay_GMOZXEWI""}",tx_x0ohtfca7eg
tx_ta5qhrbvzxj,GATEWAY_SETTLEMENT,pay_4E6732EE,2377636,INR,2026-07-06,2026-08-23T13:19:21.047Z,RAZORPAY SETTLEMENT: 23776.36 INR,"{""gatewayProvider"":""SQUARE"",""reference"":""pay_4E6732EE""}",tx_my5re0h1rhp
tx_ig8zzastu6,GATEWAY_SETTLEMENT,pay_ONUEMUMR,2303198,INR,2026-07-30,2026-08-23T14:59:30.047Z,SQUARE SETTLEMENT: 23031.98 INR,"{""gatewayProvider"":""SQUARE"",""reference"":""pay_ONUEMUMR""}",tx_2h3uy9knnrq
tx_gnoysv5eg1o,GATEWAY_SETTLEMENT,pay_YJDQ5JV2,4453735,INR,2026-07-23,2026-08-23T08:46:52.047Z,BRAINTREE SETTLEMENT: 44537.35 INR,"{""gatewayProvider"":""PAYPAL"",""reference"":""pay_YJDQ5JV2""}",tx_gd23ejii2co
tx_rga7s47kx6,GATEWAY_SETTLEMENT,pay_YY9ROHK5,2522095,INR,2026-08-08,2026-08-22T08:26:57.047Z,SQUARE PAYMENT: 25220.95 INR,"{""gatewayProvider"":""STRIPE""}",
tx_a4fmohh7bk6,GATEWAY_SETTLEMENT,pay_1GW0E5MK,3127168,INR,2026-08-02,2026-08-22T20:16:56.047Z,STRIPE SETTLEMENT: 31271.68 INR,"{""gatewayProvider"":""BRAINTREE"",""reference"":""pay_1GW0E5MK""}",tx_z4nlvpbksj8
tx_t50xjx0eohr,GATEWAY_SETTLEMENT,pay_A3U6S3R0,3593682,INR,2026-07-31,2026-08-22T22:19:53.047Z,SQUARE SETTLEMENT: 35936.82 INR,"{""gatewayProvider"":""SQUARE"",""reference"":""pay_A3U6S3R0""}",tx_7crdcupk6i8
tx_zie5l7oz6bj,GATEWAY_SETTLEMENT,pay_LH2LLGHL,396596,INR,2026-07-27,2026-08-23T00:22:10.047Z,RAZORPAY SETTLEMENT: 3965.96 INR,"{""gatewayProvider"":""PAYPAL"",""reference"":""pay_LH2LLGHL""}",tx_np5ob5mrlfg
tx_aqi99v4lsln,GATEWAY_SETTLEMENT,pay_MMCW9MOC,1614832,INR,2026-07-26,2026-08-22T20:34:44.047Z,PAYPAL SETTLEMENT: 16148.32 INR,"{""gatewayProvider"":""STRIPE"",""reference"":""pay_MMCW9MOC""}",tx_h4joe5sqorp
tx_kc2qmq74wff,GATEWAY_SETTLEMENT,pay_KFJHBGNF,3190633,INR,2026-07-31,2026-08-23T08:37:18.047Z,SQUARE SETTLEMENT: 31906.33 INR,"{""gatewayProvider"":""RAZORPAY"",""reference"":""pay_KFJHBGNF""}",tx_bnet6g7x36t
tx_f4iwjmq69g,GATEWAY_SETTLEMENT,pay_OF3T776B,4466235,INR,2026-08-08,2026-08-23T14:07:31.047Z,PAYPAL SETTLEMENT: 44662.35 INR,"{""gatewayProvider"":""SQUARE"",""reference"":""pay_OF3T776B""}",tx_xggm7ilxccl
tx_ivva0641fcl,GATEWAY_SETTLEMENT,pay_7TON1CGP,1659906,INR,2026-07-11,2026-08-23T02:38:47.047Z,PAYPAL SETTLEMENT: 16599.06 INR,"{""gatewayProvider"":""RAZORPAY"",""reference"":""pay_7TON1CGP""}",tx_evkc575ql0t
tx_1r33o5w5la5h,GATEWAY_SETTLEMENT,pay_ISND4NW7,3640418,INR,2026-07-25,2026-08-22T23:45:37.047Z,PAYPAL SETTLEMENT: 36404.18 INR,"{""gatewayProvider"":""BRAINTREE"",""reference"":""pay_ISND4NW7""}",tx_5aygnxrnv3k
tx_ibfgugfezs8,GATEWAY_SETTLEMENT,pay_TL4S27EG,1390253,INR,2026-07-17,2026-08-22T19:32:00.047Z,RAZORPAY SETTLEMENT: 13902.53 INR,"{""gatewayProvider"":""RAZORPAY"",""reference"":""pay_TL4S27EG""}",tx_up5upzk2la
tx_xl5jvcr2j3g,GATEWAY_SETTLEMENT,pay_E8CDFRK1,1209585,INR,2026-07-19,2026-08-22T19:15:30.047Z,SQUARE SETTLEMENT: 12095.85 INR,"{""gatewayProvider"":""SQUARE"",""reference"":""pay_E8CDFRK1""}",tx_0jxs07crlxge
tx_ojhe1gzual,GATEWAY_SETTLEMENT,pay_0UJWGMO8,61664,INR,2026-07-07,2026-08-23T12:47:59.047Z,PAYPAL SETTLEMENT: 616.64 INR,"{""gatewayProvider"":""BRAINTREE"",""reference"":""pay_0UJWGMO8""}",tx_mwi9jphdn5c
tx_5i5l8oudjt,GATEWAY_SETTLEMENT,pay_MMWL9P65,2592180,INR,2026-07-19,2026-08-23T02:32:29.047Z,STRIPE SETTLEMENT: 25921.8 INR,"{""gatewayProvider"":""SQUARE"",""reference"":""pay_MMWL9P65""}",tx_ps0a31g4v8
tx_voklbw24nci,GATEWAY_SETTLEMENT,pay_FT4NVYPH,1300520,INR,2026-07-12,2026-08-23T06:53:13.047Z,SQUARE SETTLEMENT: 13005.2 INR,"{""gatewayProvider"":""SQUARE"",""reference"":""pay_FT4NVYPH""}",tx_ajvsakssmn
tx_hj7ms6bxide,GATEWAY_SETTLEMENT,pay_2TE8IAQ9,3936731,INR,2026-07-25,2026-08-23T07:16:05.047Z,STRIPE SETTLEMENT: 39367.31 INR,"{""gatewayProvider"":""RAZORPAY"",""reference"":""pay_2TE8IAQ9""}",tx_3vhn683ur3d
tx_4icjsy11mle,GATEWAY_SETTLEMENT,pay_YKQ9AJ9N,4082526,INR,2026-07-07,2026-08-23T06:12:53.047Z,RAZORPAY SETTLEMENT: 40825.26 INR,"{""gatewayProvider"":""BRAINTREE"",""reference"":""pay_YKQ9AJ9N""}",tx_cyglyyjdf5t
tx_pkr2n60cq4,GATEWAY_SETTLEMENT,pay_9U69RYBI,3192164,INR,2026-08-02,2026-08-22T19:48:08.047Z,SQUARE SETTLEMENT: 31921.64 INR,"{""gatewayProvider"":""RAZORPAY"",""reference"":""pay_9U69RYBI""}",tx_6vidv9z7pjg
tx_jr2a17069a,GATEWAY_SETTLEMENT,pay_ojma40ia,396052,INR,2026-08-08,2026-08-22T21:40:17.047Z,STRIPE SETTLEMENT: 3960.52 INR,"{""gatewayProvider"":""PAYPAL"",""reference"":""pay_ojma40ia""}",tx_pvedb8x21f
tx_xwv5znia4z,GATEWAY_SETTLEMENT,pay_PB6QN3SK,1811789,INR,2026-07-31,2026-08-23T03:39:59.047Z,PAYPAL SETTLEMENT: 18117.89 INR,"{""gatewayProvider"":""STRIPE"",""reference"":""pay_PB6QN3SK""}",tx_6t2inos2wqt
tx_ta39lc5xnt,GATEWAY_SETTLEMENT,pay_CHN3AXL9,125441,INR,2026-07-23,2026-08-22T21:53:36.047Z,RAZORPAY SETTLEMENT: 1254.41 INR,"{""gatewayProvider"":""BRAINTREE"",""reference"":""pay_CHN3AXL9""}",tx_1wzmugsungj
tx_v5r1gl0mk1p,GATEWAY_SETTLEMENT,pay_BLM6BHJ9,3076524,INR,2026-08-03,2026-08-22T21:26:14.047Z,BRAINTREE SETTLEMENT: 30765.24 INR,"{""gatewayProvider"":""SQUARE"",""reference"":""pay_BLM6BHJ9""}",tx_ws3vr5wlo69
tx_vu6t60aqodr,GATEWAY_SETTLEMENT,pay_DWVCN9G4,2602667,INR,2026-08-02,2026-08-23T06:22:45.047Z,SQUARE SETTLEMENT: 26026.67 INR,"{""gatewayProvider"":""PAYPAL"",""reference"":""pay_DWVCN9G4""}",tx_qd5t95thq4
tx_1rckmzz5q7g,GATEWAY_SETTLEMENT,pay_0TJMHWPC,3874598,INR,2026-07-25,2026-08-22T22:38:45.047Z,RAZORPAY SETTLEMENT: 38745.98 INR,"{""gatewayProvider"":""BRAINTREE"",""reference"":""pay_0TJMHWPC""}",tx_whtxvspmf2
tx_n6pdd82hy7,GATEWAY_SETTLEMENT,pay_DUI6M3C2,1522232,INR,2026-08-14,2026-08-22T18:40:27.047Z,STRIPE SETTLEMENT: 15222.32 INR,"{""gatewayProvider"":""BRAINTREE"",""reference"":""pay_DUI6M3C2""}",tx_fbnrg3gs3wu
tx_per9cly7c6b,GATEWAY_SETTLEMENT,pay_USK8VNZE,1651375,INR,2026-07-27,2026-08-23T02:13:23.047Z,STRIPE SETTLEMENT: 16513.75 INR,"{""gatewayProvider"":""BRAINTREE"",""reference"":""pay_USK8VNZE""}",tx_7m2wjrvy1va
tx_tdxdd75c95i,GATEWAY_SETTLEMENT,pay_K32VR1PC,2777647,INR,2026-08-13,2026-08-23T00:56:16.047Z,PAYPAL SETTLEMENT: 27776.47 INR,"{""gatewayProvider"":""STRIPE"",""reference"":""pay_K32VR1PC""}",tx_lhlxgrjmucq
tx_63hmtm2m57y,GATEWAY_SETTLEMENT,pay_0APXGJ6F,2569246,INR,2026-07-27,2026-08-23T07:30:44.047Z,PAYPAL SETTLEMENT: 25692.46 INR,"{""gatewayProvider"":""SQUARE"",""reference"":""pay_0APXGJ6F""}",tx_9xlhi0fw0w7
tx_9lfk17w7iqj,GATEWAY_SETTLEMENT,pay_V2M8E2NY,742968,INR,2026-08-13,2026-08-22T21:49:57.047Z,RAZORPAY SETTLEMENT: 7429.68 INR,"{""gatewayProvider"":""PAYPAL"",""reference"":""pay_V2M8E2NY""}",tx_q72b2c2kfz
tx_x5bwjoxu29,GATEWAY_SETTLEMENT,pay_WOCGHVZ9,3559204,INR,2026-07-19,2026-08-23T07:13:31.048Z,STRIPE SETTLEMENT: 35592.04 INR,"{""gatewayProvider"":""STRIPE"",""reference"":""pay_WOCGHVZ9""}",tx_n7xqibxydd
tx_cw0khuheqwc,GATEWAY_SETTLEMENT,pay_XD6RRPZW,1545930,INR,2026-07-20,2026-08-23T05:29:33.048Z,STRIPE SETTLEMENT: 15459.3 INR,"{""gatewayProvider"":""BRAINTREE"",""reference"":""pay_XD6RRPZW""}",tx_9ukytdw3jvf
tx_9zhtk5a7qzb,GATEWAY_SETTLEMENT,pay_FK05IE10,1571605,INR,2026-08-15,2026-08-23T15:20:04.048Z,PAYPAL SETTLEMENT: 15716.05 INR,"{""gatewayProvider"":""BRAINTREE"",""reference"":""pay_FK05IE10""}",tx_wa0hit8v5p
tx_ua2c1kdt5d,GATEWAY_SETTLEMENT,pay_P47S53W0,998410,INR,2026-08-18,2026-08-23T09:58:48.048Z,STRIPE SETTLEMENT: 9984.1 INR,"{""gatewayProvider"":""RAZORPAY"",""reference"":""pay_P47S53W0""}",tx_ath6fh3dfk
tx_iajw8kqmi4,GATEWAY_SETTLEMENT,pay_IXCAH6K7,3435298,INR,2026-07-24,2026-08-22T23:02:51.048Z,BRAINTREE SETTLEMENT: 34352.98 INR,"{""gatewayProvider"":""STRIPE"",""reference"":""pay_IXCAH6K7""}",tx_4hjdwetqx8e
tx_fov2c2rdim6,GATEWAY_SETTLEMENT,pay_EDVZ1GGP,1111943,INR,2026-07-07,2026-08-23T01:04:50.048Z,STRIPE SETTLEMENT: 11119.43 INR,"{""gatewayProvider"":""SQUARE"",""reference"":""pay_EDVZ1GGP""}",tx_83f0dt6fw6c
tx_afbv0v8jlhm,GATEWAY_SETTLEMENT,pay_KIULMZP1,2342442,INR,2026-07-12,2026-08-23T07:36:53.048Z,BRAINTREE SETTLEMENT: 23424.42 INR,"{""gatewayProvider"":""RAZORPAY"",""reference"":""pay_KIULMZP1""}",tx_w0p9pgjfj1o
tx_j3dgr1tm01h,GATEWAY_SETTLEMENT,pay_WSSFYITO,3923143,INR,2026-07-06,2026-08-23T10:24:09.048Z,RAZORPAY SETTLEMENT: 39231.43 INR,"{""gatewayProvider"":""SQUARE"",""reference"":""pay_WSSFYITO""}",tx_hslo5q1zb6k
tx_57xd5lugphh,GATEWAY_SETTLEMENT,pay_INPNYN7U,400466,INR,2026-08-10,2026-08-23T02:34:02.048Z,RAZORPAY SETTLEMENT: 4004.66 INR,"{""gatewayProvider"":""BRAINTREE"",""reference"":""pay_INPNYN7U""}",tx_1il5fyp1evv
tx_upehzg68wfd,GATEWAY_SETTLEMENT,pay_VCO796ZU,2477938,INR,2026-07-23,2026-08-22T12:30:46.048Z,PAYPAL PAYMENT: 24779.38 INR,"{""gatewayProvider"":""RAZORPAY""}",
tx_biq3dnz4qb,GATEWAY_SETTLEMENT,pay_V4T3EVQ5,82297,INR,2026-08-02,2026-08-22T20:19:11.048Z,PAYPAL SETTLEMENT: 822.97 INR,"{""gatewayProvider"":""RAZORPAY"",""reference"":""pay_V4T3EVQ5""}",tx_fbmht6b049n
tx_a4q1sasiloa,GATEWAY_SETTLEMENT,pay_TR00IFMT,2242083,INR,2026-08-06,2026-08-23T00:24:20.048Z,PAYPAL SETTLEMENT: 22420.83 INR,"{""gatewayProvider"":""BRAINTREE"",""reference"":""pay_TR00IFMT""}",tx_psadxduh7xk
tx_wg26i29mgtd,GATEWAY_SETTLEMENT,pay_A7LVBYHJ,3119343,INR,2026-08-18,2026-08-23T13:30:04.048Z,PAYPAL SETTLEMENT: 31193.43 INR,"{""gatewayProvider"":""STRIPE"",""reference"":""pay_A7LVBYHJ""}",tx_83dugmcmlyk
tx_hntpk2p0im,GATEWAY_SETTLEMENT,pay_1DOXCRS7,4150093,INR,2026-07-26,2026-08-23T17:26:10.048Z,PAYPAL SETTLEMENT: 41500.93 INR,"{""gatewayProvider"":""SQUARE"",""reference"":""pay_1DOXCRS7""}",tx_w7xras9gkkj
tx_rn8ev4km2vl,GATEWAY_SETTLEMENT,pay_N5Q3DBWE,3653316,INR,2026-07-21,2026-08-23T00:24:18.048Z,STRIPE SETTLEMENT: 36533.16 INR,"{""gatewayProvider"":""BRAINTREE"",""reference"":""pay_N5Q3DBWE""}",tx_9oyc1f7jlz8
tx_brer0zg01ie,GATEWAY_SETTLEMENT,pay_SQJ8P0KX,1153190,INR,2026-07-29,2026-08-23T17:58:53.048Z,PAYPAL SETTLEMENT: 11531.9 INR,"{""gatewayProvider"":""SQUARE"",""reference"":""pay_SQJ8P0KX""}",tx_nz764m9e6ri
tx_04fxty8aa0wd,GATEWAY_SETTLEMENT,pay_50BQMSQS,4452733,INR,2026-08-02,2026-08-23T06:06:39.048Z,BRAINTREE SETTLEMENT: 44527.33 INR,"{""gatewayProvider"":""SQUARE"",""reference"":""pay_50BQMSQS""}",tx_7a0yzw363k4
tx_4cq6rckvtgl,GATEWAY_SETTLEMENT,pay_L977Q4JO,3970450,INR,2026-08-02,2026-08-23T00:14:16.048Z,SQUARE SETTLEMENT: 39704.5 INR,"{""gatewayProvider"":""RAZORPAY"",""reference"":""pay_L977Q4JO""}",tx_76q82q3y0mw
tx_xu04h444hj,GATEWAY_SETTLEMENT,pay_7P4X05FG,2651986,INR,2026-08-10,2026-08-22T22:47:04.048Z,SQUARE SETTLEMENT: 26519.86 INR,"{""gatewayProvider"":""BRAINTREE"",""reference"":""pay_7P4X05FG""}",tx_el9hctgwlyc
tx_5tirg4892cc,GATEWAY_SETTLEMENT,pay_ST4KBD8I,2671138,INR,2026-07-12,2026-08-22T01:33:30.048Z,STRIPE PAYMENT: 26711.38 INR,"{""gatewayProvider"":""RAZORPAY""}",
tx_q8d9t1tv89s,GATEWAY_SETTLEMENT,pay_YONN4V5L,1263470,INR,2026-07-26,2026-08-23T07:49:44.048Z,STRIPE SETTLEMENT: 12634.7 INR,"{""gatewayProvider"":""PAYPAL"",""reference"":""pay_YONN4V5L""}",tx_66le4scnxe
tx_hlaxzd7gou,GATEWAY_SETTLEMENT,Y9TPNTKI,2968653,INR,2026-08-04,2026-08-23T10:40:24.048Z,RAZORPAY SETTLEMENT: 29686.53 INR,"{""gatewayProvider"":""STRIPE"",""reference"":""Y9TPNTKI""}",tx_odff4549duk
tx_hgwirn3uveu,GATEWAY_SETTLEMENT,pay_JGB85KJA,931561,INR,2026-08-11,2026-08-22T00:52:35.048Z,RAZORPAY PAYMENT: 9315.61 INR,"{""gatewayProvider"":""BRAINTREE""}",
tx_otg5ppoomb,GATEWAY_SETTLEMENT,pay_REOVRR8C,3518941,INR,2026-08-19,2026-08-23T01:44:17.048Z,BRAINTREE SETTLEMENT: 35189.41 INR,"{""gatewayProvider"":""SQUARE"",""reference"":""pay_REOVRR8C""}",tx_zp9she9xpu
tx_p5x0xci5eag,GATEWAY_SETTLEMENT,pay_QJI9KAMS,4020914,INR,2026-07-13,2026-08-22T21:03:32.048Z,PAYPAL SETTLEMENT: 40209.14 INR,"{""gatewayProvider"":""PAYPAL"",""reference"":""pay_QJI9KAMS""}",tx_oydydlliv4
tx_63y3d3jb0uk,GATEWAY_SETTLEMENT,pay_4ZF5AFFT,1361676,INR,2026-08-08,2026-08-21T22:41:42.048Z,BRAINTREE PAYMENT: 13616.76 INR,"{""gatewayProvider"":""STRIPE""}",
tx_vqs7qrjtke,GATEWAY_SETTLEMENT,pay_J53T3D48,376525,INR,2026-07-22,2026-08-23T01:05:30.048Z,STRIPE SETTLEMENT: 3765.25 INR,"{""gatewayProvider"":""STRIPE"",""reference"":""pay_J53T3D48""}",tx_54iemu8zf2o
tx_uucmzhir8l,GATEWAY_SETTLEMENT,pay_WO8G8CCO,1779928,INR,2026-07-13,2026-08-23T07:16:45.048Z,BRAINTREE SETTLEMENT: 17799.28 INR,"{""gatewayProvider"":""RAZORPAY"",""reference"":""pay_WO8G8CCO""}",tx_ovuma4z61ik
tx_decqjttx4na,GATEWAY_SETTLEMENT,pay_C331KKKQ,310503,INR,2026-08-02,2026-08-23T12:17:47.048Z,RAZORPAY SETTLEMENT: 3105.03 INR,"{""gatewayProvider"":""SQUARE"",""reference"":""pay_C331KKKQ""}",tx_z5iydvxod6g
tx_lzgx8joybgk,GATEWAY_SETTLEMENT,pay_XYKAAVPP,410789,INR,2026-07-17,2026-08-22T18:25:38.048Z,RAZORPAY PAYMENT: 4107.89 INR,"{""gatewayProvider"":""SQUARE""}",
tx_3wtzbg0bjaf,GATEWAY_SETTLEMENT,pay_IQ4NHQJ2,3000494,INR,2026-07-19,2026-08-23T08:01:52.048Z,SQUARE SETTLEMENT: 30004.94 INR,"{""gatewayProvider"":""STRIPE"",""reference"":""pay_IQ4NHQJ2""}",tx_ulqdqyrkqqi
tx_w6zhmu99dg,GATEWAY_SETTLEMENT,pay_TCZ084XZ,2304341,INR,2026-07-29,2026-08-23T02:08:00.048Z,BRAINTREE SETTLEMENT: 23043.41 INR,"{""gatewayProvider"":""STRIPE"",""reference"":""pay_TCZ084XZ""}",tx_v0e7bv31sym
tx_wfswgsmujas,GATEWAY_SETTLEMENT,pay_B0ATH9AD,2230991,INR,2026-07-16,2026-08-23T09:19:21.048Z,SQUARE SETTLEMENT: 22309.91 INR,"{""gatewayProvider"":""BRAINTREE"",""reference"":""pay_B0ATH9AD""}",tx_vpoduijbu7n
tx_g6vok5ri4wo,GATEWAY_SETTLEMENT,pay_RSMV53PF,3785942,INR,2026-08-12,2026-08-23T17:08:17.048Z,SQUARE SETTLEMENT: 37859.42 INR,"{""gatewayProvider"":""BRAINTREE"",""reference"":""pay_RSMV53PF""}",tx_tfb0e7rya3
tx_1rifhfgx625,GATEWAY_SETTLEMENT,pay_ULLDFFUD,3640304,INR,2026-07-26,2026-08-23T01:26:59.048Z,PAYPAL SETTLEMENT: 36403.04 INR,"{""gatewayProvider"":""BRAINTREE"",""reference"":""pay_ULLDFFUD""}",tx_tuaq7kavpt
tx_7bm07f7pd93,GATEWAY_SETTLEMENT,pay_898DH3L7,3496800,INR,2026-07-13,2026-08-23T04:53:07.048Z,RAZORPAY SETTLEMENT: 34968 INR,"{""gatewayProvider"":""SQUARE"",""reference"":""pay_898DH3L7""}",tx_52yzb9vr2w9
tx_f19szzpfs08,GATEWAY_SETTLEMENT,pay_YLSATOZT,1616406,INR,2026-07-19,2026-08-22T19:32:24.048Z,BRAINTREE SETTLEMENT: 16164.06 INR,"{""gatewayProvider"":""PAYPAL"",""reference"":""pay_YLSATOZT""}",tx_8u5oiibl545
tx_joo71siucb,GATEWAY_SETTLEMENT,pay_UZ3ORNNJ,4456261,INR,2026-08-07,2026-08-22T21:52:25.048Z,STRIPE SETTLEMENT: 44562.61 INR,"{""gatewayProvider"":""BRAINTREE"",""reference"":""pay_UZ3ORNNJ""}",tx_xhebwpjaco
tx_9rgmemwf9m4,GATEWAY_SETTLEMENT,pay_2KTZZQ3R,1585167,INR,2026-07-07,2026-08-23T16:38:38.048Z,PAYPAL SETTLEMENT: 15851.67 INR,"{""gatewayProvider"":""BRAINTREE"",""reference"":""pay_2KTZZQ3R""}",tx_hhr9b2gbv0d
tx_stn3ba6yvhn,GATEWAY_SETTLEMENT,pay_PRETIPRB,2557804,INR,2026-07-17,2026-08-23T05:13:58.048Z,PAYPAL SETTLEMENT: 25578.04 INR,"{""gatewayProvider"":""PAYPAL"",""reference"":""pay_PRETIPRB""}",tx_pdw7svfimqo
tx_785rtmvku83,GATEWAY_SETTLEMENT,pay_IASZ86UA,797345,INR,2026-08-07,2026-08-23T06:15:38.048Z,BRAINTREE SETTLEMENT: 7973.45 INR,"{""gatewayProvider"":""BRAINTREE"",""reference"":""pay_IASZ86UA""}",tx_a8a36o9phxj
tx_u3yu5m7sis9,GATEWAY_SETTLEMENT,pay_M4OIEU0I,308161,INR,2026-08-02,2026-08-23T14:30:24.048Z,RAZORPAY SETTLEMENT: 3081.61 INR,"{""gatewayProvider"":""BRAINTREE"",""reference"":""pay_M4OIEU0I""}",tx_jkucslbscdb
tx_grwah5u2tvp,GATEWAY_SETTLEMENT,pay_93ZOYQYP,1276875,INR,2026-07-14,2026-08-23T06:48:04.048Z,STRIPE SETTLEMENT: 12768.75 INR,"{""gatewayProvider"":""PAYPAL"",""reference"":""pay_93ZOYQYP""}",tx_n1x18h9rp1r
tx_nsuphvu4l6s,GATEWAY_SETTLEMENT,pay_WSCKD49B,2300912,INR,2026-07-27,2026-08-23T08:54:28.048Z,BRAINTREE SETTLEMENT: 23009.12 INR,"{""gatewayProvider"":""BRAINTREE"",""reference"":""pay_WSCKD49B""}",tx_3v90wwgq4d2
tx_tngg9oovk2n,GATEWAY_SETTLEMENT, pay_O6QHV1GR ,3075900,INR,2026-07-09,2026-08-23T04:31:26.048Z,SQUARE SETTLEMENT: 30759 INR,"{""gatewayProvider"":""RAZORPAY"",""reference"":"" pay_O6QHV1GR ""}",tx_41g38uodzpy
tx_iotfltceur,GATEWAY_SETTLEMENT, pay_C27MO6GZ ,4207855,INR,2026-08-02,2026-08-23T12:53:50.048Z,SQUARE SETTLEMENT: 42078.55 INR,"{""gatewayProvider"":""STRIPE"",""reference"":"" pay_C27MO6GZ ""}",tx_wlxhm5ymtcp
tx_l8se10xwyeo,GATEWAY_SETTLEMENT,pay_CFJRYZUE,3145878,INR,2026-08-12,2026-08-23T04:33:22.048Z,STRIPE SETTLEMENT: 31458.78 INR,"{""gatewayProvider"":""RAZORPAY"",""reference"":""pay_CFJRYZUE""}",tx_7b0q3mg8zhp
tx_yw7fqd2t8kd,GATEWAY_SETTLEMENT,pay_XGPRTRK4,1097193,INR,2026-07-27,2026-08-23T01:16:40.048Z,STRIPE SETTLEMENT: 10971.93 INR,"{""gatewayProvider"":""STRIPE"",""reference"":""pay_XGPRTRK4""}",tx_20qdhut5z1p
tx_972jo57ual,GATEWAY_SETTLEMENT,pay_S5S1KC2J,3510466,INR,2026-08-16,2026-08-23T09:07:04.048Z,RAZORPAY SETTLEMENT: 35104.66 INR,"{""gatewayProvider"":""SQUARE"",""reference"":""pay_S5S1KC2J""}",tx_s6os6f2alo
tx_9nnxly0j2z,GATEWAY_SETTLEMENT,pay_8NFJHZGS,3657713,INR,2026-08-05,2026-08-22T23:54:10.048Z,STRIPE SETTLEMENT: 36577.13 INR,"{""gatewayProvider"":""SQUARE"",""reference"":""pay_8NFJHZGS""}",tx_uiqn7nsirtp
tx_qrzd21qu9nq,GATEWAY_SETTLEMENT,pay_G79MKPH5,2993108,INR,2026-08-13,2026-08-22T23:16:43.048Z,BRAINTREE SETTLEMENT: 29931.08 INR,"{""gatewayProvider"":""PAYPAL"",""reference"":""pay_G79MKPH5""}",tx_8j35if6zmep
tx_3pee1jrw47w,GATEWAY_SETTLEMENT,pay_MVG885W1,1796434,INR,2026-07-18,2026-08-23T18:13:12.048Z,PAYPAL SETTLEMENT: 17964.34 INR,"{""gatewayProvider"":""BRAINTREE"",""reference"":""pay_MVG885W1""}",tx_889g3hz9ltk
tx_zinqfhlzte,GATEWAY_SETTLEMENT,pay_T3SPD2Z8,2399969,INR,2026-07-18,2026-08-22T23:13:56.048Z,STRIPE SETTLEMENT: 23999.69 INR,"{""gatewayProvider"":""PAYPAL"",""reference"":""pay_T3SPD2Z8""}",tx_p6mytaoplgg
tx_t5iylg6bajs,GATEWAY_SETTLEMENT,pay_DXOIYGUD,468409,INR,2026-08-03,2026-08-23T01:52:30.048Z,SQUARE SETTLEMENT: 4684.09 INR,"{""gatewayProvider"":""RAZORPAY"",""reference"":""pay_DXOIYGUD""}",tx_bkt93rio69h
tx_vply9tfcuw,GATEWAY_SETTLEMENT,pay_TBTH5EDI,4047385,INR,2026-07-25,2026-08-22T07:25:35.048Z,BRAINTREE PAYMENT: 40473.85 INR,"{""gatewayProvider"":""SQUARE""}",
tx_kg9nrklc37p,GATEWAY_SETTLEMENT,pay_J12YG7T9,1847241,INR,2026-07-19,2026-08-22T20:08:52.048Z,STRIPE SETTLEMENT: 18472.41 INR,"{""gatewayProvider"":""PAYPAL"",""reference"":""pay_J12YG7T9""}",tx_72oiqxreq3s
tx_fsex8f6cide,GATEWAY_SETTLEMENT,pay_ZDHGWN03,2531691,INR,2026-08-04,2026-08-23T07:00:07.048Z,BRAINTREE SETTLEMENT: 25316.91 INR,"{""gatewayProvider"":""RAZORPAY"",""reference"":""pay_ZDHGWN03""}",tx_4895i074hir
tx_eti65cv2dgi,GATEWAY_SETTLEMENT,pay_T0VOP50P,3202603,INR,2026-07-23,2026-08-23T03:24:33.048Z,PAYPAL SETTLEMENT: 32026.03 INR,"{""gatewayProvider"":""RAZORPAY"",""reference"":""pay_T0VOP50P""}",tx_1fzfpmn9z4a
tx_aswalw8160i,GATEWAY_SETTLEMENT,pay_UNFA6Y9H,2442744,INR,2026-07-19,2026-08-23T11:30:58.048Z,SQUARE SETTLEMENT: 24427.44 INR,"{""gatewayProvider"":""STRIPE"",""reference"":""pay_UNFA6Y9H""}",tx_2kcnyoup6j7
tx_7bfs7rpzyxq,GATEWAY_SETTLEMENT,pay_F3BWX31B,1048566,INR,2026-07-14,2026-08-23T13:34:04.048Z,STRIPE SETTLEMENT: 10485.66 INR,"{""gatewayProvider"":""BRAINTREE"",""reference"":""pay_F3BWX31B""}",tx_jpremsnh4ad
tx_o0nqitylxo,GATEWAY_SETTLEMENT,pay_NGE9W7AB,1276656,INR,2026-07-12,2026-08-23T17:57:17.048Z,PAYPAL SETTLEMENT: 12766.56 INR,"{""gatewayProvider"":""PAYPAL"",""reference"":""pay_NGE9W7AB""}",tx_oa7x5x99px
tx_6cjjpjoohxv,GATEWAY_SETTLEMENT,pay_PE233AYI,1972190,INR,2026-08-16,2026-08-23T05:07:36.048Z,RAZORPAY SETTLEMENT: 19721.9 INR,"{""gatewayProvider"":""RAZORPAY"",""reference"":""pay_PE233AYI""}",tx_fc81m30bu1k
tx_mtiaz3r2l3,GATEWAY_SETTLEMENT,pay_7QKRSU07,299891,INR,2026-08-09,2026-08-23T02:07:40.048Z,STRIPE SETTLEMENT: 2998.91 INR,"{""gatewayProvider"":""BRAINTREE"",""reference"":""pay_7QKRSU07""}",tx_t5cas9elyd
tx_rc0v8xtks2r,GATEWAY_SETTLEMENT,pay_QOYJGW4G,200696,INR,2026-08-05,2026-08-22T22:23:26.048Z,RAZORPAY SETTLEMENT: 2006.96 INR,"{""gatewayProvider"":""STRIPE"",""reference"":""pay_QOYJGW4G""}",tx_9qfyrdn9qdt
tx_33tu2zq4zu2,GATEWAY_SETTLEMENT,pay_2ZJBVXUA,214573,INR,2026-07-23,2026-08-23T02:56:23.048Z,PAYPAL SETTLEMENT: 2145.73 INR,"{""gatewayProvider"":""STRIPE"",""reference"":""pay_2ZJBVXUA""}",tx_jbc3i5gen9f
tx_xumia9ymlg,GATEWAY_SETTLEMENT,pay_CBQTTXDW,3767943,INR,2026-08-10,2026-08-23T10:42:34.049Z,STRIPE SETTLEMENT: 37679.43 INR,"{""gatewayProvider"":""PAYPAL"",""reference"":""pay_CBQTTXDW""}",tx_raw45wf0jpp
tx_2dokiam0bs5,GATEWAY_SETTLEMENT,pay_04RTF7M5,867395,INR,2026-08-05,2026-08-23T13:28:56.049Z,SQUARE SETTLEMENT: 8673.95 INR,"{""gatewayProvider"":""BRAINTREE"",""reference"":""pay_04RTF7M5""}",tx_06i1glwus5a7
tx_yx0kllcaw9,GATEWAY_SETTLEMENT,pay_2TE4ZYKS,2601321,INR,2026-07-19,2026-08-23T15:19:00.049Z,PAYPAL SETTLEMENT: 26013.21 INR,"{""gatewayProvider"":""BRAINTREE"",""reference"":""pay_2TE4ZYKS""}",tx_qpyhvde0bxp
tx_1q61yojsmtx,GATEWAY_SETTLEMENT,pay_BH2X7FUA,240265,INR,2026-07-30,2026-08-23T18:01:51.049Z,SQUARE SETTLEMENT: 2402.65 INR,"{""gatewayProvider"":""RAZORPAY"",""reference"":""pay_BH2X7FUA""}",tx_vudwnsl4svo
tx_w0jvzfa8e2,GATEWAY_SETTLEMENT,pay_63KJKW4K,1549392,INR,2026-07-25,2026-08-23T03:34:51.049Z,SQUARE SETTLEMENT: 15493.92 INR,"{""gatewayProvider"":""SQUARE"",""reference"":""pay_63KJKW4K""}",tx_sndj9ckqws
tx_l9fvoycsbrc,GATEWAY_SETTLEMENT,pay_IKURMKMN,799364,INR,2026-07-07,2026-08-23T14:17:29.049Z,BRAINTREE SETTLEMENT: 7993.64 INR,"{""gatewayProvider"":""BRAINTREE"",""reference"":""pay_IKURMKMN""}",tx_gxgae8aoc9p
tx_rpdcz1t77h,GATEWAY_SETTLEMENT,pay_34EBEXWW,1358977,INR,2026-07-06,2026-08-23T08:59:56.049Z,RAZORPAY SETTLEMENT: 13589.77 INR,"{""gatewayProvider"":""STRIPE"",""reference"":""pay_34EBEXWW""}",tx_ng8t9ojciv
tx_v4i2sxb3a4c,GATEWAY_SETTLEMENT,pay_R9JLV7HK,4148128,INR,2026-08-09,2026-08-23T16:45:23.049Z,PAYPAL SETTLEMENT: 41481.28 INR,"{""gatewayProvider"":""STRIPE"",""reference"":""pay_R9JLV7HK""}",tx_m5eod6zifc
tx_d01feb40a9,GATEWAY_SETTLEMENT,pay_W3V662QU,1509876,INR,2026-08-08,2026-08-23T04:32:38.049Z,STRIPE SETTLEMENT: 15098.76 INR,"{""gatewayProvider"":""STRIPE"",""reference"":""pay_W3V662QU""}",tx_bzzgw1fpan
tx_zxxsko4mive,GATEWAY_SETTLEMENT,pay_HG2NORBK,3880437,INR,2026-08-02,2026-08-22T18:52:42.049Z,STRIPE SETTLEMENT: 38804.37 INR,"{""gatewayProvider"":""SQUARE"",""reference"":""pay_HG2NORBK""}",tx_aaah1ba7q6d
tx_wn2nmr5s5q,GATEWAY_SETTLEMENT, pay_540D90AR ,1205779,INR,2026-07-17,2026-08-22T20:57:57.049Z,BRAINTREE SETTLEMENT: 12057.79 INR,"{""gatewayProvider"":""RAZORPAY"",""reference"":"" pay_540D90AR ""}",tx_oyitjjpj0t
tx_jz833sejo6,GATEWAY_SETTLEMENT,pay_5E7WVL6M,2838032,INR,2026-07-08,2026-08-23T06:35:09.049Z,BRAINTREE SETTLEMENT: 28380.32 INR,"{""gatewayProvider"":""PAYPAL"",""reference"":""pay_5E7WVL6M""}",tx_et9121kl9l5
tx_l24nmmrxlwo,GATEWAY_SETTLEMENT,pay_EKPXDJKM,1227949,INR,2026-07-15,2026-08-23T00:16:38.049Z,BRAINTREE SETTLEMENT: 12279.49 INR,"{""gatewayProvider"":""STRIPE"",""reference"":""pay_EKPXDJKM""}",tx_k2c0cwqi45n
tx_g3y93zp6tqg,GATEWAY_SETTLEMENT,pay_9S9BSDWE,1242643,INR,2026-08-11,2026-08-22T21:04:36.049Z,RAZORPAY SETTLEMENT: 12426.43 INR,"{""gatewayProvider"":""RAZORPAY"",""reference"":""pay_9S9BSDWE""}",tx_il5zapwldgp
tx_nfl2cc29b8n,GATEWAY_SETTLEMENT,pay_M91BN9C9,2536900,INR,2026-07-08,2026-08-22T20:01:04.049Z,PAYPAL SETTLEMENT: 25369 INR,"{""gatewayProvider"":""RAZORPAY"",""reference"":""pay_M91BN9C9""}",tx_9veir1sgxzr
tx_kwblcq7cimn,GATEWAY_SETTLEMENT,pay_V7IQQXHU,3816184,INR,2026-08-02,2026-08-22T19:16:23.049Z,PAYPAL SETTLEMENT: 38161.84 INR,"{""gatewayProvider"":""SQUARE"",""reference"":""pay_V7IQQXHU""}",tx_bug0wim23gl
tx_s0zu3w67kvf,GATEWAY_SETTLEMENT,pay_O3TAFKEE,2426551,INR,2026-07-13,2026-08-23T10:11:35.049Z,SQUARE SETTLEMENT: 24265.51 INR,"{""gatewayProvider"":""SQUARE"",""reference"":""pay_O3TAFKEE""}",tx_k6h9laqcit
tx_xropsy9vugl,GATEWAY_SETTLEMENT,pay_VNVACT0D,2570274,INR,2026-07-06,2026-08-23T11:28:47.049Z,SQUARE SETTLEMENT: 25702.74 INR,"{""gatewayProvider"":""BRAINTREE"",""reference"":""pay_VNVACT0D""}",tx_y6vei3db9s
tx_x6kcu4frl6m,GATEWAY_SETTLEMENT,H9VAXB7K,459273,INR,2026-07-18,2026-08-23T09:44:46.049Z,PAYPAL SETTLEMENT: 4592.73 INR,"{""gatewayProvider"":""SQUARE"",""reference"":""H9VAXB7K""}",tx_6vetqshygqw
tx_uxx531ksfop,GATEWAY_SETTLEMENT,pay_HKK1DC4W,4390306,INR,2026-08-11,2026-08-22T23:45:20.049Z,PAYPAL SETTLEMENT: 43903.06 INR,"{""gatewayProvider"":""SQUARE"",""reference"":""pay_HKK1DC4W""}",tx_2q7dzyqmni3
tx_9zwcmtov0si,GATEWAY_SETTLEMENT,pay_J6F2ZFWG,341234,INR,2026-08-02,2026-08-22T10:38:56.049Z,PAYPAL PAYMENT: 3412.34 INR,"{""gatewayProvider"":""SQUARE""}",
tx_kw6n5984ptr,GATEWAY_SETTLEMENT,pay_7EAC6RNO,3165067,INR,2026-08-12,2026-08-23T09:28:49.049Z,SQUARE SETTLEMENT: 31650.67 INR,"{""gatewayProvider"":""RAZORPAY"",""reference"":""pay_7EAC6RNO""}",tx_mnaa3c6rv1q
tx_yaj3ml0luo,GATEWAY_SETTLEMENT,pay_HOJA8WVM,807793,INR,2026-07-22,2026-08-22T11:54:01.049Z,SQUARE PAYMENT: 8077.93 INR,"{""gatewayProvider"":""PAYPAL""}",
tx_whrcqxlhp2n,GATEWAY_SETTLEMENT,pay_E1VSS0CE,1726139,INR,2026-08-04,2026-08-23T14:03:36.049Z,RAZORPAY SETTLEMENT: 17261.39 INR,"{""gatewayProvider"":""PAYPAL"",""reference"":""pay_E1VSS0CE""}",tx_ywh7mw3bokf
tx_7r14zgg6byk,GATEWAY_SETTLEMENT,pay_33Q8JEVL,2046732,INR,2026-07-18,2026-08-23T03:54:13.049Z,BRAINTREE SETTLEMENT: 20467.32 INR,"{""gatewayProvider"":""PAYPAL"",""reference"":""pay_33Q8JEVL""}",tx_bmkogrwjrnn
tx_ztv3xmat95,GATEWAY_SETTLEMENT,pay_15XVRHOL,667207,INR,2026-08-02,2026-08-23T04:47:25.049Z,RAZORPAY SETTLEMENT: 6672.07 INR,"{""gatewayProvider"":""SQUARE"",""reference"":""pay_15XVRHOL""}",tx_ektyna78x7
tx_19g5kvg6x4d,GATEWAY_SETTLEMENT,pay_RKCTN6GV,3442986,INR,2026-08-17,2026-08-23T06:36:27.049Z,PAYPAL SETTLEMENT: 34429.86 INR,"{""gatewayProvider"":""BRAINTREE"",""reference"":""pay_RKCTN6GV""}",tx_uhgmaf97d
tx_uxzm48ebnrc,GATEWAY_SETTLEMENT,pay_XUFW9GV7,4088544,INR,2026-07-08,2026-08-22T16:25:06.049Z,STRIPE PAYMENT: 40885.44 INR,"{""gatewayProvider"":""SQUARE""}",
tx_qpdm26v81j,GATEWAY_SETTLEMENT,pay_QYYEV4L9,663076,INR,2026-07-22,2026-08-22T18:59:26.049Z,RAZORPAY SETTLEMENT: 6630.76 INR,"{""gatewayProvider"":""SQUARE"",""reference"":""pay_QYYEV4L9""}",tx_gnxn1vn0qjb
tx_9gbff9ps9aw,GATEWAY_SETTLEMENT,pay_S14NNVPY,3098946,INR,2026-08-05,2026-08-23T16:06:00.049Z,RAZORPAY SETTLEMENT: 30989.46 INR,"{""gatewayProvider"":""PAYPAL"",""reference"":""pay_S14NNVPY""}",tx_of235c1zb1q
tx_iw12rn15ev,GATEWAY_SETTLEMENT,pay_4MK05EPR,747386,INR,2026-07-16,2026-08-22T19:37:49.049Z,RAZORPAY SETTLEMENT: 7473.86 INR,"{""gatewayProvider"":""BRAINTREE"",""reference"":""pay_4MK05EPR""}",tx_cwmkrf5uwmc
tx_zhx5rt9b4e9,GATEWAY_SETTLEMENT,pay_NZLR1F71,3444111,INR,2026-07-19,2026-08-23T16:53:01.049Z,BRAINTREE SETTLEMENT: 34441.11 INR,"{""gatewayProvider"":""SQUARE"",""reference"":""pay_NZLR1F71""}",tx_50cyzymj49x
tx_2sl89eeoc,GATEWAY_SETTLEMENT,pay_UUPTVNT7,272853,INR,2026-07-30,2026-08-23T07:31:57.049Z,PAYPAL SETTLEMENT: 2728.53 INR,"{""gatewayProvider"":""PAYPAL"",""reference"":""pay_UUPTVNT7""}",tx_tdmb31aifxo
tx_59gisiuvw2r,GATEWAY_SETTLEMENT,pay_YORZ8RAF,3182612,INR,2026-08-19,2026-08-23T03:01:02.049Z,PAYPAL SETTLEMENT: 31826.12 INR,"{""gatewayProvider"":""RAZORPAY"",""reference"":""pay_YORZ8RAF""}",tx_bwwh244a11
tx_f1s0swzs7em,GATEWAY_SETTLEMENT,pay_35TCXFLU,457807,INR,2026-08-03,2026-08-22T20:45:25.049Z,STRIPE SETTLEMENT: 4578.07 INR,"{""gatewayProvider"":""BRAINTREE"",""reference"":""pay_35TCXFLU""}",tx_cj7xvefjkvo
tx_kkxzjfmk5cj,GATEWAY_SETTLEMENT,pay_K4Y8Q12J,963546,INR,2026-07-06,2026-08-23T07:06:35.049Z,BRAINTREE SETTLEMENT: 9635.46 INR,"{""gatewayProvider"":""STRIPE"",""reference"":""pay_K4Y8Q12J""}",tx_rfip167afl
tx_8rumbxugrxi,GATEWAY_SETTLEMENT,pay_9Q2WP8LL,1174687,INR,2026-07-23,2026-08-23T07:41:16.049Z,STRIPE SETTLEMENT: 11746.87 INR,"{""gatewayProvider"":""STRIPE"",""reference"":""pay_9Q2WP8LL""}",tx_l39qmf4i65o
tx_nlnzf5qvi3,GATEWAY_SETTLEMENT,pay_04TOOAGU,2144504,INR,2026-07-27,2026-08-23T05:27:08.049Z,RAZORPAY SETTLEMENT: 21445.04 INR,"{""gatewayProvider"":""RAZORPAY"",""reference"":""pay_04TOOAGU""}",tx_wvtmz6ft6jf
tx_xdo7m7rear,GATEWAY_SETTLEMENT,pay_PSUF6L9J,2827891,INR,2026-07-09,2026-08-23T02:59:11.049Z,STRIPE SETTLEMENT: 28278.91 INR,"{""gatewayProvider"":""STRIPE"",""reference"":""pay_PSUF6L9J""}",tx_92fodazvfya
tx_dkf1irecyas,GATEWAY_SETTLEMENT,pay_8NHOOFWO,894957,INR,2026-07-08,2026-08-23T14:52:15.049Z,SQUARE SETTLEMENT: 8949.57 INR,"{""gatewayProvider"":""RAZORPAY"",""reference"":""pay_8NHOOFWO""}",tx_q8rr635v5p
tx_xumva62d9m,GATEWAY_SETTLEMENT,pay_WY484HHP,2596135,INR,2026-07-16,2026-08-23T17:30:59.049Z,RAZORPAY SETTLEMENT: 25961.35 INR,"{""gatewayProvider"":""SQUARE"",""reference"":""pay_WY484HHP""}",tx_dkpymmzyyh
tx_6kczjeswjw5,GATEWAY_SETTLEMENT,pay_TS5YFJXC,4119582,INR,2026-07-09,2026-08-22T23:10:23.049Z,BRAINTREE SETTLEMENT: 41195.82 INR,"{""gatewayProvider"":""RAZORPAY"",""reference"":""pay_TS5YFJXC""}",tx_dpd5yqdna3t
tx_y55kkoupe08,GATEWAY_SETTLEMENT,pay_PAKLKYPE,420605,INR,2026-08-12,2026-08-22T21:42:55.049Z,BRAINTREE SETTLEMENT: 4206.05 INR,"{""gatewayProvider"":""BRAINTREE"",""reference"":""pay_PAKLKYPE""}",tx_12sylcvqf7o
tx_1m5iditwta7,GATEWAY_SETTLEMENT,pay_10Q1RYXF,2127868,INR,2026-08-19,2026-08-23T00:28:14.049Z,RAZORPAY SETTLEMENT: 21278.68 INR,"{""gatewayProvider"":""SQUARE"",""reference"":""pay_10Q1RYXF""}",tx_yxp9sem4l0n
tx_xz4xvy0z0ir,GATEWAY_SETTLEMENT,pay_LC5ZF082,2828246,INR,2026-07-30,2026-08-23T01:32:38.049Z,STRIPE SETTLEMENT: 28282.46 INR,"{""gatewayProvider"":""PAYPAL"",""reference"":""pay_LC5ZF082""}",tx_cw9b4v6sbwg
tx_6e2104pez8s,GATEWAY_SETTLEMENT,pay_EE5A7Z52,2399247,INR,2026-07-15,2026-08-22T21:02:22.049Z,STRIPE SETTLEMENT: 23992.47 INR,"{""gatewayProvider"":""BRAINTREE"",""reference"":""pay_EE5A7Z52""}",tx_iyqj8avjog
tx_23p9rb8jb10j,GATEWAY_SETTLEMENT,pay_ZCNRIF29,1411907,INR,2026-08-02,2026-08-23T17:17:54.049Z,BRAINTREE SETTLEMENT: 14119.07 INR,"{""gatewayProvider"":""PAYPAL"",""reference"":""pay_ZCNRIF29""}",tx_rq6esyorgz
tx_zu2rl4i2f8c,GATEWAY_SETTLEMENT,pay_SWGMT2IJ,1896116,INR,2026-07-26,2026-08-23T01:16:43.049Z,BRAINTREE SETTLEMENT: 18961.16 INR,"{""gatewayProvider"":""BRAINTREE"",""reference"":""pay_SWGMT2IJ""}",tx_7s1ni3jxy2i
tx_n33atlv33zc,GATEWAY_SETTLEMENT,pay_M0VI2FZM,2899793,INR,2026-07-16,2026-08-23T01:38:37.049Z,BRAINTREE SETTLEMENT: 28997.93 INR,"{""gatewayProvider"":""RAZORPAY"",""reference"":""pay_M0VI2FZM""}",tx_s86ow862k2g
tx_swupdp4alcn,GATEWAY_SETTLEMENT,pay_EJ4ECELY,4287827,INR,2026-07-13,2026-08-23T08:32:42.049Z,BRAINTREE SETTLEMENT: 42878.27 INR,"{""gatewayProvider"":""BRAINTREE"",""reference"":""pay_EJ4ECELY""}",tx_vifecc1wju
tx_c41au9eoq6,GATEWAY_SETTLEMENT,pay_AXGJMT4S,2381856,INR,2026-08-13,2026-08-23T13:01:38.049Z,RAZORPAY SETTLEMENT: 23818.56 INR,"{""gatewayProvider"":""RAZORPAY"",""reference"":""pay_AXGJMT4S""}",tx_ul4px3mxsli
tx_km9g6k82fk,GATEWAY_SETTLEMENT,pay_68F6CW7G,169959,INR,2026-07-10,2026-08-23T07:46:10.049Z,BRAINTREE SETTLEMENT: 1699.59 INR,"{""gatewayProvider"":""BRAINTREE"",""reference"":""pay_68F6CW7G""}",tx_62aan719fbr
tx_7787i1nd1au,GATEWAY_SETTLEMENT,pay_FO2V76YA,291581,INR,2026-08-11,2026-08-23T13:00:57.049Z,STRIPE SETTLEMENT: 2915.81 INR,"{""gatewayProvider"":""RAZORPAY"",""reference"":""pay_FO2V76YA""}",tx_h00m3wdr6fq
tx_apuu5lhfj9g,GATEWAY_SETTLEMENT,pay_3A4OS0GR,686753,INR,2026-07-12,2026-08-23T03:50:33.049Z,RAZORPAY SETTLEMENT: 6867.53 INR,"{""gatewayProvider"":""SQUARE"",""reference"":""pay_3A4OS0GR""}",tx_9ik5w6ozwc
tx_3y8p0nl26kt,GATEWAY_SETTLEMENT,pay_EY90BEEQ,961462,INR,2026-08-01,2026-08-23T04:34:42.049Z,STRIPE SETTLEMENT: 9614.62 INR,"{""gatewayProvider"":""SQUARE"",""reference"":""pay_EY90BEEQ""}",tx_g2ev8ju0tzr
tx_s6qujnxk3l,GATEWAY_SETTLEMENT,pay_D2HV6PVJ,2537031,INR,2026-07-20,2026-08-23T16:22:40.049Z,SQUARE SETTLEMENT: 25370.31 INR,"{""gatewayProvider"":""PAYPAL"",""reference"":""pay_D2HV6PVJ""}",tx_03w8k2o8w1g2
tx_6ytgrcw7xxv,GATEWAY_SETTLEMENT,pay_MNDP3SO6,1171212,INR,2026-08-12,2026-08-23T11:03:10.049Z,RAZORPAY SETTLEMENT: 11712.12 INR,"{""gatewayProvider"":""BRAINTREE"",""reference"":""pay_MNDP3SO6""}",tx_fpiw74qjo9t
tx_vr70gmzbbco,GATEWAY_SETTLEMENT,pay_1133ISBH,1912859,INR,2026-07-21,2026-08-23T15:56:30.049Z,RAZORPAY SETTLEMENT: 19128.59 INR,"{""gatewayProvider"":""STRIPE"",""reference"":""pay_1133ISBH""}",tx_odityvq0u9
tx_uiez0l2gtce,GATEWAY_SETTLEMENT,pay_W3Z9YC1L,3388715,INR,2026-08-08,2026-08-23T04:19:22.050Z,BRAINTREE SETTLEMENT: 33887.15 INR,"{""gatewayProvider"":""STRIPE"",""reference"":""pay_W3Z9YC1L""}",tx_d1n7twqdjeu
tx_ugurfv010o,GATEWAY_SETTLEMENT,pay_GIH60LPK,1954710,INR,2026-07-22,2026-08-23T04:20:51.050Z,STRIPE SETTLEMENT: 19547.1 INR,"{""gatewayProvider"":""BRAINTREE"",""reference"":""pay_GIH60LPK""}",tx_55489hgysog
tx_jwejfnxicup,GATEWAY_SETTLEMENT,pay_2F1AFWZU,2069081,INR,2026-07-11,2026-08-22T21:48:03.050Z,BRAINTREE SETTLEMENT: 20690.81 INR,"{""gatewayProvider"":""RAZORPAY"",""reference"":""pay_2F1AFWZU""}",tx_0gkd9nirw8w
tx_2dh8nj6qazx,GATEWAY_SETTLEMENT,pay_HHU768TD,1440669,INR,2026-08-13,2026-08-23T16:43:02.050Z,SQUARE SETTLEMENT: 14406.69 INR,"{""gatewayProvider"":""BRAINTREE"",""reference"":""pay_HHU768TD""}",tx_0drleashh24
tx_l86ubyiq3zt,GATEWAY_SETTLEMENT,pay_nrezi5n9,209297,INR,2026-08-12,2026-08-23T04:14:28.050Z,SQUARE SETTLEMENT: 2092.97 INR,"{""gatewayProvider"":""PAYPAL"",""reference"":""pay_nrezi5n9""}",tx_im929zxj5j
tx_yv8ef8b00if,GATEWAY_SETTLEMENT,pay_JP1XXRSK,2895469,INR,2026-07-18,2026-08-23T03:16:47.050Z,STRIPE SETTLEMENT: 28954.69 INR,"{""gatewayProvider"":""PAYPAL"",""reference"":""pay_JP1XXRSK""}",tx_m3qvdzhsrq
tx_3lb5wvzvh5s,GATEWAY_SETTLEMENT,pay_MJOV690N,3946160,INR,2026-07-06,2026-08-23T08:09:07.050Z,PAYPAL SETTLEMENT: 39461.6 INR,"{""gatewayProvider"":""STRIPE"",""reference"":""pay_MJOV690N""}",tx_r5xhjqergm
tx_320bygd7fh9,GATEWAY_SETTLEMENT,pay_7SKVF20N,3419407,INR,2026-08-01,2026-08-23T03:37:00.050Z,STRIPE SETTLEMENT: 34194.07 INR,"{""gatewayProvider"":""SQUARE"",""reference"":""pay_7SKVF20N""}",tx_i51c170n2a
tx_b4b8pkzohpl,GATEWAY_SETTLEMENT,pay_U6K2XUZW,204945,INR,2026-08-11,2026-08-23T14:40:17.050Z,STRIPE SETTLEMENT: 2049.45 INR,"{""gatewayProvider"":""PAYPAL"",""reference"":""pay_U6K2XUZW""}",tx_0a2nhopb9v5b
tx_hd6rawy5fb,GATEWAY_SETTLEMENT,pay_2JY6H11A,4227781,INR,2026-07-22,2026-08-23T01:57:22.050Z,BRAINTREE SETTLEMENT: 42277.81 INR,"{""gatewayProvider"":""RAZORPAY"",""reference"":""pay_2JY6H11A""}",tx_fuj5vy93i3h
tx_q1yxhsjk25,GATEWAY_SETTLEMENT,pay_JSQ38R53,3499065,INR,2026-07-27,2026-08-23T01:22:40.050Z,STRIPE SETTLEMENT: 34990.65 INR,"{""gatewayProvider"":""PAYPAL"",""reference"":""pay_JSQ38R53""}",tx_svsi87ksafe
tx_aejplqr1xm8,GATEWAY_SETTLEMENT,pay_M15Z5JJN,2123874,INR,2026-08-02,2026-08-23T13:52:11.050Z,SQUARE SETTLEMENT: 21238.74 INR,"{""gatewayProvider"":""STRIPE"",""reference"":""pay_M15Z5JJN""}",tx_j653nu8s48r
tx_dr3k5h9numk,GATEWAY_SETTLEMENT,pay_G2RMX8HR,3048000,INR,2026-07-18,2026-08-23T10:11:15.050Z,PAYPAL SETTLEMENT: 30480 INR,"{""gatewayProvider"":""SQUARE"",""reference"":""pay_G2RMX8HR""}",tx_xd9kizf0job
tx_16lm1jdjb6t,GATEWAY_SETTLEMENT,pay_G62WVGX5,3210173,INR,2026-07-16,2026-08-23T01:14:30.050Z,PAYPAL SETTLEMENT: 32101.73 INR,"{""gatewayProvider"":""STRIPE"",""reference"":""pay_G62WVGX5""}",tx_wzqwf8ejw3
tx_ji4y03rm3n8,GATEWAY_SETTLEMENT,pay_VPXIMDQH,2526270,INR,2026-07-26,2026-08-23T08:47:44.050Z,BRAINTREE SETTLEMENT: 25262.7 INR,"{""gatewayProvider"":""PAYPAL"",""reference"":""pay_VPXIMDQH""}",tx_df3jp2xcjk
tx_arm8riddrdk,GATEWAY_SETTLEMENT,pay_0UNGM23L,687816,INR,2026-08-11,2026-08-22T20:28:05.050Z,BRAINTREE SETTLEMENT: 6878.16 INR,"{""gatewayProvider"":""RAZORPAY"",""reference"":""pay_0UNGM23L""}",tx_2jslwgl0gom
tx_8clrt4vbb3o,GATEWAY_SETTLEMENT,pay_2U4VMIX1,1484477,INR,2026-07-20,2026-08-23T17:02:07.050Z,BRAINTREE SETTLEMENT: 14844.77 INR,"{""gatewayProvider"":""PAYPAL"",""reference"":""pay_2U4VMIX1""}",tx_91uhxx6sbmf
tx_4zh8p515bsi,GATEWAY_SETTLEMENT,pay_UDW7V8QL,1854423,INR,2026-07-15,2026-08-22T22:06:58.050Z,PAYPAL SETTLEMENT: 18544.23 INR,"{""gatewayProvider"":""SQUARE"",""reference"":""pay_UDW7V8QL""}",tx_6i3qpyuy4s
tx_qmyih4fjtgc,GATEWAY_SETTLEMENT,pay_S7XXES6D,337781,INR,2026-07-17,2026-08-23T12:54:43.050Z,BRAINTREE SETTLEMENT: 3377.81 INR,"{""gatewayProvider"":""PAYPAL"",""reference"":""pay_S7XXES6D""}",tx_4trcxzn7a3o
tx_ldyqfrrjuk,GATEWAY_SETTLEMENT,pay_FEDYB1ON,865041,INR,2026-08-01,2026-08-23T03:55:36.050Z,PAYPAL SETTLEMENT: 8650.41 INR,"{""gatewayProvider"":""STRIPE"",""reference"":""pay_FEDYB1ON""}",tx_0km80jz6h9j
tx_bs3z3hhguec,GATEWAY_SETTLEMENT,pay_H41DRXUM,1561223,INR,2026-08-06,2026-08-23T13:18:47.050Z,STRIPE SETTLEMENT: 15612.23 INR,"{""gatewayProvider"":""SQUARE"",""reference"":""pay_H41DRXUM""}",tx_un10uqx45gm
tx_2lrq3sxodhv,GATEWAY_SETTLEMENT,pay_JU3Y0KV2,1154874,INR,2026-07-15,2026-08-22T20:16:34.050Z,RAZORPAY SETTLEMENT: 11548.74 INR,"{""gatewayProvider"":""PAYPAL"",""reference"":""pay_JU3Y0KV2""}",tx_xdh1z39t3ql
tx_s13w2li8wgq,GATEWAY_SETTLEMENT,pay_1YGJXPFU,1151821,INR,2026-08-19,2026-08-23T14:16:49.050Z,RAZORPAY SETTLEMENT: 11518.21 INR,"{""gatewayProvider"":""BRAINTREE"",""reference"":""pay_1YGJXPFU""}",tx_9ai01zxjyp9
tx_frsk9r2k4pb,GATEWAY_SETTLEMENT,pay_SGFKY14A,790032,INR,2026-07-30,2026-08-23T09:11:17.050Z,PAYPAL SETTLEMENT: 7900.32 INR,"{""gatewayProvider"":""PAYPAL"",""reference"":""pay_SGFKY14A""}",tx_0616a9toei67
tx_47w0t9b1tn2,GATEWAY_SETTLEMENT,pay_79ZD3RD0,3820815,INR,2026-08-08,2026-08-23T08:00:00.050Z,RAZORPAY SETTLEMENT: 38208.15 INR,"{""gatewayProvider"":""STRIPE"",""reference"":""pay_79ZD3RD0""}",tx_rztddx85o2
tx_45ri6i7deh6,GATEWAY_SETTLEMENT,pay_6KJ5Q2DE,2816997,INR,2026-08-11,2026-08-22T20:25:24.050Z,SQUARE SETTLEMENT: 28169.97 INR,"{""gatewayProvider"":""PAYPAL"",""reference"":""pay_6KJ5Q2DE""}",tx_csvgboqbi5f
tx_t1rgspwoml,GATEWAY_SETTLEMENT,pay_7LOUE7AK,3019251,INR,2026-08-09,2026-08-22T19:26:01.050Z,RAZORPAY SETTLEMENT: 30192.51 INR,"{""gatewayProvider"":""PAYPAL"",""reference"":""pay_7LOUE7AK""}",tx_7zibe7whdcq
tx_owvtmkgqf9i,GATEWAY_SETTLEMENT,pay_3T5TIMYV,2032096,INR,2026-07-31,2026-08-22T23:09:04.050Z,SQUARE SETTLEMENT: 20320.96 INR,"{""gatewayProvider"":""BRAINTREE"",""reference"":""pay_3T5TIMYV""}",tx_amwwezxqmaq
tx_6x5mfiv3aca,GATEWAY_SETTLEMENT,pay_B4XY9M1G,3275328,INR,2026-08-18,2026-08-22T20:27:37.050Z,SQUARE SETTLEMENT: 32753.28 INR,"{""gatewayProvider"":""STRIPE"",""reference"":""pay_B4XY9M1G""}",tx_xj5qvllt5i
tx_c5ar36yirpk,GATEWAY_SETTLEMENT,pay_QXAH8JTP,4192315,INR,2026-07-21,2026-08-23T02:04:07.050Z,BRAINTREE SETTLEMENT: 41923.15 INR,"{""gatewayProvider"":""SQUARE"",""reference"":""pay_QXAH8JTP""}",tx_h3n2w70k7a
tx_ee4e5qck84,GATEWAY_SETTLEMENT, pay_T2V6RVR1 ,4032083,INR,2026-08-15,2026-08-23T02:05:23.050Z,RAZORPAY SETTLEMENT: 40320.83 INR,"{""gatewayProvider"":""SQUARE"",""reference"":"" pay_T2V6RVR1 ""}",tx_gx99b5ubivl
tx_85gv7rism7n,GATEWAY_SETTLEMENT,pay_6H6XK4GC,2130346,INR,2026-08-11,2026-08-23T00:57:44.050Z,STRIPE SETTLEMENT: 21303.46 INR,"{""gatewayProvider"":""SQUARE"",""reference"":""pay_6H6XK4GC""}",tx_aah95snwj28
tx_sy70x2hlxn,GATEWAY_SETTLEMENT,pay_OAMSKW1N,798640,INR,2026-08-05,2026-08-23T17:46:52.050Z,RAZORPAY SETTLEMENT: 7986.4 INR,"{""gatewayProvider"":""PAYPAL"",""reference"":""pay_OAMSKW1N""}",tx_x0o5vrhjor
tx_xzkh4rzah9d,GATEWAY_SETTLEMENT,pay_7LKK51TY,4317597,INR,2026-08-01,2026-08-22T21:46:07.050Z,STRIPE SETTLEMENT: 43175.97 INR,"{""gatewayProvider"":""SQUARE"",""reference"":""pay_7LKK51TY""}",tx_6jya4999no4
tx_h8j0fy5uapn,GATEWAY_SETTLEMENT,pay_P1WN1YZC,4117755,INR,2026-08-17,2026-08-23T01:30:59.050Z,PAYPAL SETTLEMENT: 41177.55 INR,"{""gatewayProvider"":""RAZORPAY"",""reference"":""pay_P1WN1YZC""}",tx_26k08oob07n
tx_j1urjp7o6u,GATEWAY_SETTLEMENT,pay_6LJL38L6,2856976,INR,2026-08-03,2026-08-23T16:25:06.050Z,PAYPAL SETTLEMENT: 28569.76 INR,"{""gatewayProvider"":""STRIPE"",""reference"":""pay_6LJL38L6""}",tx_gci36b2m4n
tx_hj11ojgzi04,GATEWAY_SETTLEMENT,pay_9NDADLG4,2853969,INR,2026-07-14,2026-08-23T10:41:59.050Z,STRIPE SETTLEMENT: 28539.69 INR,"{""gatewayProvider"":""STRIPE"",""reference"":""pay_9NDADLG4""}",tx_tbekmk4t3ud
tx_6l4t9ampvqp,GATEWAY_SETTLEMENT,pay_RHN43O0E,3377504,INR,2026-07-09,2026-08-23T01:50:45.050Z,RAZORPAY SETTLEMENT: 33775.04 INR,"{""gatewayProvider"":""RAZORPAY"",""reference"":""pay_RHN43O0E""}",tx_hcy4g4gbebc
tx_7qw85ws2644,GATEWAY_SETTLEMENT,pay_YV289Q9M,375613,INR,2026-08-04,2026-08-23T06:55:48.050Z,STRIPE SETTLEMENT: 3756.13 INR,"{""gatewayProvider"":""PAYPAL"",""reference"":""pay_YV289Q9M""}",tx_gs2yol6cef
tx_1m6k2g885ay,GATEWAY_SETTLEMENT,pay_OIF1V3XR,4336011,INR,2026-07-25,2026-08-23T08:13:37.050Z,RAZORPAY SETTLEMENT: 43360.11 INR,"{""gatewayProvider"":""SQUARE"",""reference"":""pay_OIF1V3XR""}",tx_65h8fuc7w39
tx_qolhj1v56v,GATEWAY_SETTLEMENT,pay_D6RJUNNL,1880538,INR,2026-08-02,2026-08-23T06:40:17.050Z,BRAINTREE SETTLEMENT: 18805.38 INR,"{""gatewayProvider"":""BRAINTREE"",""reference"":""pay_D6RJUNNL""}",tx_0rdtllr5avx
tx_wmnmvy5pe4d,GATEWAY_SETTLEMENT,pay_VY124NYY,4419250,INR,2026-08-03,2026-08-23T09:26:13.050Z,BRAINTREE SETTLEMENT: 44192.5 INR,"{""gatewayProvider"":""RAZORPAY"",""reference"":""pay_VY124NYY""}",tx_3520puk1f2h
tx_62ii9uuopic,GATEWAY_SETTLEMENT,pay_WGJQPS7V,247111,INR,2026-08-12,2026-08-23T04:28:05.050Z,RAZORPAY SETTLEMENT: 2471.11 INR,"{""gatewayProvider"":""RAZORPAY"",""reference"":""pay_WGJQPS7V""}",tx_shxcc6a1adj
tx_hlw47b5y6ze,GATEWAY_SETTLEMENT,pay_RQPEHK40,4130923,INR,2026-07-06,2026-08-23T05:23:09.050Z,STRIPE SETTLEMENT: 41309.23 INR,"{""gatewayProvider"":""PAYPAL"",""reference"":""pay_RQPEHK40""}",tx_m4xpcb3op8
tx_luimz3sasyc,GATEWAY_SETTLEMENT,pay_ED1D56OP,1583381,INR,2026-07-11,2026-08-22T20:58:15.050Z,STRIPE SETTLEMENT: 15833.81 INR,"{""gatewayProvider"":""STRIPE"",""reference"":""pay_ED1D56OP""}",tx_ur3qvo9r35
tx_wyylzj4v7w9,GATEWAY_SETTLEMENT,pay_V3QQIQIR,1120486,INR,2026-08-01,2026-08-22T20:50:08.050Z,RAZORPAY SETTLEMENT: 11204.86 INR,"{""gatewayProvider"":""PAYPAL"",""reference"":""pay_V3QQIQIR""}",tx_w3dx4nub0u
tx_b68rgweqali,GATEWAY_SETTLEMENT,pay_MBT2V4HK,517383,INR,2026-07-15,2026-08-22T23:04:21.050Z,PAYPAL SETTLEMENT: 5173.83 INR,"{""gatewayProvider"":""STRIPE"",""reference"":""pay_MBT2V4HK""}",tx_unm62xczbz
tx_98bjemh9xj,GATEWAY_SETTLEMENT,pay_6N25RTK8,4113037,INR,2026-08-09,2026-08-23T06:20:34.050Z,PAYPAL SETTLEMENT: 41130.37 INR,"{""gatewayProvider"":""STRIPE"",""reference"":""pay_6N25RTK8""}",tx_t29ss6ojr9
tx_cbgop8n32ai,GATEWAY_SETTLEMENT,pay_fr5fs4xf,2399041,INR,2026-07-17,2026-08-22T22:32:29.050Z,RAZORPAY SETTLEMENT: 23990.41 INR,"{""gatewayProvider"":""STRIPE"",""reference"":""pay_fr5fs4xf""}",tx_ennrp4lr6yh
tx_wr9jwty2wcl,GATEWAY_SETTLEMENT,pay_GEOJSTWF,4499569,INR,2026-07-14,2026-08-23T05:54:11.050Z,STRIPE SETTLEMENT: 44995.69 INR,"{""gatewayProvider"":""SQUARE"",""reference"":""pay_GEOJSTWF""}",tx_a9ngqo83jgj
tx_46atkjssorp,GATEWAY_SETTLEMENT,74U7XV5E,4427364,INR,2026-07-23,2026-08-23T01:59:21.050Z,STRIPE SETTLEMENT: 44273.64 INR,"{""gatewayProvider"":""SQUARE"",""reference"":""74U7XV5E""}",tx_uawjp3gjsu
tx_extuxb4rk8k,GATEWAY_SETTLEMENT,pay_AEATK4GA,2021895,INR,2026-08-15,2026-08-23T04:31:54.050Z,SQUARE SETTLEMENT: 20218.95 INR,"{""gatewayProvider"":""BRAINTREE"",""reference"":""pay_AEATK4GA""}",tx_pcvpmu64we
tx_p14zqgrwuw,GATEWAY_SETTLEMENT,pay_5K45QKLK,1813112,INR,2026-08-12,2026-08-23T00:45:48.050Z,STRIPE SETTLEMENT: 18131.12 INR,"{""gatewayProvider"":""SQUARE"",""reference"":""pay_5K45QKLK""}",tx_uqby5ejjwfg
tx_kwap6th8m2s,GATEWAY_SETTLEMENT,pay_MV7QI0MV,1272326,INR,2026-07-20,2026-08-23T16:15:14.050Z,PAYPAL SETTLEMENT: 12723.26 INR,"{""gatewayProvider"":""BRAINTREE"",""reference"":""pay_MV7QI0MV""}",tx_2xvko9zuhq
tx_8jiq1p13c8c,GATEWAY_SETTLEMENT,pay_HXIH8Z83,749248,INR,2026-08-13,2026-08-22T19:51:55.051Z,RAZORPAY SETTLEMENT: 7492.48 INR,"{""gatewayProvider"":""SQUARE"",""reference"":""pay_HXIH8Z83""}",tx_e5vdjulqmq
tx_09kfhfbpcsu4,GATEWAY_SETTLEMENT,pay_BF16SKEK,2878570,INR,2026-08-04,2026-08-23T05:08:34.051Z,PAYPAL SETTLEMENT: 28785.7 INR,"{""gatewayProvider"":""SQUARE"",""reference"":""pay_BF16SKEK""}",tx_5kcxp0key5w
tx_nfi7sdix7h,GATEWAY_SETTLEMENT,pay_0Y1FCOGM,725796,INR,2026-08-10,2026-08-23T03:03:23.051Z,RAZORPAY SETTLEMENT: 7257.96 INR,"{""gatewayProvider"":""PAYPAL"",""reference"":""pay_0Y1FCOGM""}",tx_ak4hle5u0t8
tx_b4x0uvxj05b,GATEWAY_SETTLEMENT,pay_NJEKHYS8,3507954,INR,2026-07-25,2026-08-22T20:28:38.051Z,RAZORPAY SETTLEMENT: 35079.54 INR,"{""gatewayProvider"":""PAYPAL"",""reference"":""pay_NJEKHYS8""}",tx_1pxyga0l37z
tx_icoc3er83xe,GATEWAY_SETTLEMENT,pay_ZZVFPY5C,2406250,INR,2026-07-08,2026-08-23T09:21:29.051Z,STRIPE SETTLEMENT: 24062.5 INR,"{""gatewayProvider"":""PAYPAL"",""reference"":""pay_ZZVFPY5C""}",tx_299imf6kbiy
tx_bp7a0i8i9a,GATEWAY_SETTLEMENT,pay_TRPOCNSO,3536490,INR,2026-07-23,2026-08-23T18:24:45.051Z,STRIPE SETTLEMENT: 35364.9 INR,"{""gatewayProvider"":""BRAINTREE"",""reference"":""pay_TRPOCNSO""}",tx_i1z71piftuk
tx_7w63v54bips,GATEWAY_SETTLEMENT,pay_9QPBJBGB,2439407,INR,2026-08-05,2026-08-23T01:32:05.051Z,PAYPAL SETTLEMENT: 24394.07 INR,"{""gatewayProvider"":""RAZORPAY"",""reference"":""pay_9QPBJBGB""}",tx_qhyqbodcdx
tx_oxcp5vftuwa,GATEWAY_SETTLEMENT,pay_IS8Y7827,985441,INR,2026-08-14,2026-08-22T04:51:10.051Z,RAZORPAY PAYMENT: 9854.41 INR,"{""gatewayProvider"":""PAYPAL""}",
tx_tiyek5zq8u,GATEWAY_SETTLEMENT,pay_2O1OT6EI,3239386,INR,2026-07-10,2026-08-23T17:47:21.051Z,SQUARE SETTLEMENT: 32393.86 INR,"{""gatewayProvider"":""SQUARE"",""reference"":""pay_2O1OT6EI""}",tx_aqhsni3vytr
tx_dowadamwih4,GATEWAY_SETTLEMENT,pay_3SAEE6H2,232743,INR,2026-08-19,2026-08-23T04:34:10.051Z,RAZORPAY SETTLEMENT: 2327.43 INR,"{""gatewayProvider"":""BRAINTREE"",""reference"":""pay_3SAEE6H2""}",tx_33hu0me6a0g
tx_g13fpa6xni6,GATEWAY_SETTLEMENT,pay_72Z1XDR7,1099110,INR,2026-08-05,2026-08-23T03:07:09.051Z,PAYPAL SETTLEMENT: 10991.1 INR,"{""gatewayProvider"":""BRAINTREE"",""reference"":""pay_72Z1XDR7""}",tx_c74ghcb1mzm
tx_k4pt2imxbho,GATEWAY_SETTLEMENT,pay_6PLZN9HC,1209279,INR,2026-07-15,2026-08-22T21:24:54.051Z,SQUARE SETTLEMENT: 12092.79 INR,"{""gatewayProvider"":""SQUARE"",""reference"":""pay_6PLZN9HC""}",tx_edyjx51hwlh
tx_vz3fxzoob6s,GATEWAY_SETTLEMENT,pay_BCOKPPG9,4497953,INR,2026-07-10,2026-08-22T21:45:21.051Z,RAZORPAY SETTLEMENT: 44979.53 INR,"{""gatewayProvider"":""RAZORPAY"",""reference"":""pay_BCOKPPG9""}",tx_bwh3z5e1x2v
tx_8i1a1wcgn87,GATEWAY_SETTLEMENT,pay_X76SXGJL,3301973,INR,2026-07-07,2026-08-23T14:44:35.051Z,STRIPE SETTLEMENT: 33019.73 INR,"{""gatewayProvider"":""PAYPAL"",""reference"":""pay_X76SXGJL""}",tx_ml7mbp2u5zg
tx_4ggh1mrw3k8,GATEWAY_SETTLEMENT,apy_JDD6X4IJ,265142,INR,2026-08-03,2026-08-22T22:12:12.051Z,RAZORPAY SETTLEMENT: 2651.42 INR,"{""gatewayProvider"":""STRIPE"",""reference"":""apy_JDD6X4IJ""}",tx_31spns169ml
tx_303qeoxwqu8,GATEWAY_SETTLEMENT,pay_T6OKMPSU,3321469,INR,2026-08-02,2026-08-23T00:12:26.051Z,RAZORPAY SETTLEMENT: 33214.69 INR,"{""gatewayProvider"":""PAYPAL"",""reference"":""pay_T6OKMPSU""}",tx_0b5k3lxu2ff7
tx_c0xjb3hgygh,GATEWAY_SETTLEMENT,pay_IA0LQDCB,3579764,INR,2026-07-09,2026-08-23T03:04:37.051Z,SQUARE SETTLEMENT: 35797.64 INR,"{""gatewayProvider"":""PAYPAL"",""reference"":""pay_IA0LQDCB""}",tx_r6l0udz7q7j
tx_rfjh6qzrj1l,GATEWAY_SETTLEMENT,pay_J3TQ3EUL,1677003,INR,2026-08-14,2026-08-23T02:20:43.051Z,STRIPE SETTLEMENT: 16770.03 INR,"{""gatewayProvider"":""SQUARE"",""reference"":""pay_J3TQ3EUL""}",tx_dnw5pe1fxag
tx_f9qt6h0e5i,GATEWAY_SETTLEMENT,pay_W66EETID,1773521,INR,2026-07-09,2026-08-23T09:20:57.051Z,SQUARE SETTLEMENT: 17735.21 INR,"{""gatewayProvider"":""PAYPAL"",""reference"":""pay_W66EETID""}",tx_8d6iu9vd99t
tx_bzczglh2l1,GATEWAY_SETTLEMENT,pay_X6A39SOD,3522306,INR,2026-07-28,2026-08-23T09:59:20.051Z,BRAINTREE SETTLEMENT: 35223.06 INR,"{""gatewayProvider"":""RAZORPAY"",""reference"":""pay_X6A39SOD""}",tx_mzuhu21155s
tx_p3iuajmedre,GATEWAY_SETTLEMENT,pay_0ZJJ71H7,473320,INR,2026-08-02,2026-08-22T22:33:20.051Z,SQUARE SETTLEMENT: 4733.2 INR,"{""gatewayProvider"":""PAYPAL"",""reference"":""pay_0ZJJ71H7""}",tx_14q67116a8f
tx_fw9lish5f2m,GATEWAY_SETTLEMENT,pay_WM72I8WJ,1979412,INR,2026-07-24,2026-08-23T09:28:47.051Z,RAZORPAY SETTLEMENT: 19794.12 INR,"{""gatewayProvider"":""PAYPAL"",""reference"":""pay_WM72I8WJ""}",tx_33579gvjqhk
tx_47xm12k0p0b,GATEWAY_SETTLEMENT,pay_9X9MBT1Z,3513126,INR,2026-07-25,2026-08-22T23:36:53.051Z,BRAINTREE SETTLEMENT: 35131.26 INR,"{""gatewayProvider"":""RAZORPAY"",""reference"":""pay_9X9MBT1Z""}",tx_a7y3tyc9uoq
tx_9b9cnxrzpvd,GATEWAY_SETTLEMENT,pay_F9KV8386,3559500,INR,2026-07-10,2026-08-22T21:17:20.051Z,SQUARE SETTLEMENT: 35595 INR,"{""gatewayProvider"":""STRIPE"",""reference"":""pay_F9KV8386""}",tx_62a9hqa2alt
tx_sfh8u93jwbq,GATEWAY_SETTLEMENT,pay_I0CTG6JE,4096755,INR,2026-07-09,2026-08-22T20:05:26.051Z,PAYPAL SETTLEMENT: 40967.55 INR,"{""gatewayProvider"":""STRIPE"",""reference"":""pay_I0CTG6JE""}",tx_wu9iy521ad9
tx_ntqom9d9ltl,GATEWAY_SETTLEMENT,pay_U0SVZAL4,568770,INR,2026-08-06,2026-08-23T01:42:29.051Z,PAYPAL SETTLEMENT: 5687.7 INR,"{""gatewayProvider"":""PAYPAL"",""reference"":""pay_U0SVZAL4""}",tx_yp4mrn474yn
tx_oih9bxitcbm,GATEWAY_SETTLEMENT,pay_4VKES0E9,3426939,INR,2026-07-20,2026-08-22T22:15:04.051Z,PAYPAL SETTLEMENT: 34269.39 INR,"{""gatewayProvider"":""PAYPAL"",""reference"":""pay_4VKES0E9""}",tx_ykdudb23oa8
tx_r53m82oitno,GATEWAY_SETTLEMENT,pay_50NBQIZY,3822885,INR,2026-07-24,2026-08-22T18:32:49.051Z,PAYPAL SETTLEMENT: 38228.85 INR,"{""gatewayProvider"":""STRIPE"",""reference"":""pay_50NBQIZY""}",tx_ux7168ejjbg
tx_xgwxclv9l8q,GATEWAY_SETTLEMENT,pay_F8W2XH2Z,4105491,INR,2026-08-04,2026-08-23T02:38:00.051Z,PAYPAL SETTLEMENT: 41054.91 INR,"{""gatewayProvider"":""RAZORPAY"",""reference"":""pay_F8W2XH2Z""}",tx_o2otebfx39
tx_4gyklo6avjl,GATEWAY_SETTLEMENT,pay_0BP1YJEV,1935834,INR,2026-08-08,2026-08-23T07:11:06.051Z,RAZORPAY SETTLEMENT: 19358.34 INR,"{""gatewayProvider"":""STRIPE"",""reference"":""pay_0BP1YJEV""}",tx_9nt5owgkgf
tx_0qyaxq5m28h,GATEWAY_SETTLEMENT,pay_0P3EGAZE,1771943,INR,2026-07-26,2026-08-23T08:07:24.051Z,STRIPE SETTLEMENT: 17719.43 INR,"{""gatewayProvider"":""SQUARE"",""reference"":""pay_0P3EGAZE""}",tx_fol1kxb6ysk
tx_fo3u2utgoy,GATEWAY_SETTLEMENT,pay_FJ7DJRGI,1628501,INR,2026-07-28,2026-08-23T01:33:28.051Z,RAZORPAY SETTLEMENT: 16285.01 INR,"{""gatewayProvider"":""STRIPE"",""reference"":""pay_FJ7DJRGI""}",tx_4c9hhx4s6vq
tx_o1568k76d4q,GATEWAY_SETTLEMENT,pay_515PMN9Z,1174821,INR,2026-07-28,2026-08-23T01:14:39.051Z,SQUARE SETTLEMENT: 11748.21 INR,"{""gatewayProvider"":""STRIPE"",""reference"":""pay_515PMN9Z""}",tx_a08s3rzg8mo
tx_01bn9todgt4x,GATEWAY_SETTLEMENT,pay_FMMLFXVS,2397293,INR,2026-08-17,2026-08-23T01:32:49.051Z,RAZORPAY SETTLEMENT: 23972.93 INR,"{""gatewayProvider"":""SQUARE"",""reference"":""pay_FMMLFXVS""}",tx_cawxjsgdpuf
tx_09bw0szqdkm,GATEWAY_SETTLEMENT,pay_PBP4FS06,4052124,INR,2026-07-27,2026-08-22T19:00:44.051Z,STRIPE SETTLEMENT: 40521.24 INR,"{""gatewayProvider"":""SQUARE"",""reference"":""pay_PBP4FS06""}",tx_x3yx7jw2w3
tx_6ywo1cnx7hk,GATEWAY_SETTLEMENT,pay_ISNEFFNS,2397341,INR,2026-08-06,2026-08-23T17:42:21.051Z,STRIPE SETTLEMENT: 23973.41 INR,"{""gatewayProvider"":""BRAINTREE"",""reference"":""pay_ISNEFFNS""}",tx_wzlqo0gnls
tx_to5lgk45zmd,GATEWAY_SETTLEMENT,pay_RSBPVKEA,1509265,INR,2026-07-29,2026-08-23T14:37:15.051Z,SQUARE SETTLEMENT: 15092.65 INR,"{""gatewayProvider"":""PAYPAL"",""reference"":""pay_RSBPVKEA""}",tx_67zrda1epjd
tx_19emiul5uyl,GATEWAY_SETTLEMENT,pay_77AMSV9Q,3239465,INR,2026-08-17,2026-08-22T22:34:34.051Z,BRAINTREE SETTLEMENT: 32394.65 INR,"{""gatewayProvider"":""SQUARE"",""reference"":""pay_77AMSV9Q""}",tx_anzl4tcmxa
tx_dzt6gdu75bq,GATEWAY_SETTLEMENT,pay_7P3K135M,2656443,INR,2026-07-12,2026-08-23T03:57:43.051Z,BRAINTREE SETTLEMENT: 26564.43 INR,"{""gatewayProvider"":""STRIPE"",""reference"":""pay_7P3K135M""}",tx_o7kosnag8tk
tx_06th77ilqho,GATEWAY_SETTLEMENT,pay_DEPWMLH3,2522454,INR,2026-08-16,2026-08-23T00:41:48.051Z,PAYPAL SETTLEMENT: 25224.54 INR,"{""gatewayProvider"":""BRAINTREE"",""reference"":""pay_DEPWMLH3""}",tx_iprdah7hb5
tx_4nni5681sw,GATEWAY_SETTLEMENT,pay_KA09ESZH,3233634,INR,2026-07-25,2026-08-23T07:50:07.051Z,PAYPAL SETTLEMENT: 32336.34 INR,"{""gatewayProvider"":""SQUARE"",""reference"":""pay_KA09ESZH""}",tx_hhb8j2jdou
tx_05xego6xmy8b,GATEWAY_SETTLEMENT,pay_05Q0R3US,1402490,INR,2026-07-17,2026-08-23T12:33:54.051Z,SQUARE SETTLEMENT: 14024.9 INR,"{""gatewayProvider"":""BRAINTREE"",""reference"":""pay_05Q0R3US""}",tx_m1qu2xc5ex
tx_xwlaycm53kl,GATEWAY_SETTLEMENT,pay_LEKD5LKM,2396820,INR,2026-08-14,2026-08-23T16:32:22.051Z,PAYPAL SETTLEMENT: 23968.2 INR,"{""gatewayProvider"":""STRIPE"",""reference"":""pay_LEKD5LKM""}",tx_ydss8he2ccj
tx_ccvvg5ju0om,GATEWAY_SETTLEMENT,pay_JR7E8TFZ,339556,INR,2026-08-04,2026-08-23T09:15:17.051Z,STRIPE SETTLEMENT: 3395.56 INR,"{""gatewayProvider"":""PAYPAL"",""reference"":""pay_JR7E8TFZ""}",tx_oggd1xwqqbh
tx_xsehwlm1t3l,GATEWAY_SETTLEMENT,pay_MR7OFG7P,4476577,INR,2026-07-14,2026-08-23T05:29:02.051Z,BRAINTREE SETTLEMENT: 44765.77 INR,"{""gatewayProvider"":""STRIPE"",""reference"":""pay_MR7OFG7P""}",tx_6jvn9gfckuv
tx_hk7ci7gyvjh,GATEWAY_SETTLEMENT,pay_KFN0FG0H,978147,INR,2026-08-01,2026-08-23T00:23:14.051Z,PAYPAL SETTLEMENT: 9781.47 INR,"{""gatewayProvider"":""RAZORPAY"",""reference"":""pay_KFN0FG0H""}",tx_u7vzrlyvu6i
tx_ppcszc8pc9d,GATEWAY_SETTLEMENT,pay_K3SZ259D,4238099,INR,2026-08-08,2026-08-23T02:27:30.051Z,STRIPE SETTLEMENT: 42380.99 INR,"{""gatewayProvider"":""BRAINTREE"",""reference"":""pay_K3SZ259D""}",tx_qots5495fh
tx_jpsgb0uirj,GATEWAY_SETTLEMENT,pay_MA35X5DA,3834254,INR,2026-07-10,2026-08-23T10:22:17.051Z,BRAINTREE SETTLEMENT: 38342.54 INR,"{""gatewayProvider"":""SQUARE"",""reference"":""pay_MA35X5DA""}",tx_oqa59mbwbok
tx_wflbpkgt7rm,GATEWAY_SETTLEMENT,pay_8MRVZ0GQ,1624844,INR,2026-08-16,2026-08-23T08:56:19.052Z,BRAINTREE SETTLEMENT: 16248.44 INR,"{""gatewayProvider"":""STRIPE"",""reference"":""pay_8MRVZ0GQ""}",tx_685i670n90n
tx_btttwo4h6pp,GATEWAY_SETTLEMENT,pay_RFLWU1ZL,3518982,INR,2026-07-21,2026-08-23T08:54:53.052Z,PAYPAL SETTLEMENT: 35189.82 INR,"{""gatewayProvider"":""RAZORPAY"",""reference"":""pay_RFLWU1ZL""}",tx_kp5howr7cfj
tx_btkcpcbh7wo,GATEWAY_SETTLEMENT,pay_O2BIAC3G,4384244,INR,2026-07-27,2026-08-22T02:34:17.052Z,STRIPE PAYMENT: 43842.44 INR,"{""gatewayProvider"":""PAYPAL""}",
tx_h8ar9kmw22o,GATEWAY_SETTLEMENT,pay_FCOCO6AJ,3788127,INR,2026-08-10,2026-08-23T07:53:08.052Z,PAYPAL SETTLEMENT: 37881.27 INR,"{""gatewayProvider"":""SQUARE"",""reference"":""pay_FCOCO6AJ""}",tx_ye0tmzxvwyo
tx_zcz2ehmw4c,GATEWAY_SETTLEMENT,pay_BJK86N80,2777122,INR,2026-07-23,2026-08-23T09:42:00.052Z,SQUARE SETTLEMENT: 27771.22 INR,"{""gatewayProvider"":""BRAINTREE"",""reference"":""pay_BJK86N80""}",tx_nvxhwpziylt
tx_2819thbdr5o,GATEWAY_SETTLEMENT,pay_NV9CUZA0,3804802,INR,2026-08-10,2026-08-23T07:34:45.052Z,BRAINTREE SETTLEMENT: 38048.02 INR,"{""gatewayProvider"":""BRAINTREE"",""reference"":""pay_NV9CUZA0""}",tx_8ca2q41t8yn
tx_8ng8gtfm45a,GATEWAY_SETTLEMENT,pay_L2RUZBFD,2722033,INR,2026-07-13,2026-08-22T19:02:40.052Z,PAYPAL SETTLEMENT: 27220.33 INR,"{""gatewayProvider"":""PAYPAL"",""reference"":""pay_L2RUZBFD""}",tx_un64o4htj2a
tx_gh8fm2oesqu,GATEWAY_SETTLEMENT,pay_YN7OCTAI,1110156,INR,2026-07-23,2026-08-22T22:13:52.052Z,BRAINTREE SETTLEMENT: 11101.56 INR,"{""gatewayProvider"":""BRAINTREE"",""reference"":""pay_YN7OCTAI""}",tx_cui18fyhq8j
tx_ubxezble0yk,GATEWAY_SETTLEMENT,pay_CYZYFCCF,2969171,INR,2026-08-19,2026-08-23T13:11:30.052Z,SQUARE SETTLEMENT: 29691.71 INR,"{""gatewayProvider"":""RAZORPAY"",""reference"":""pay_CYZYFCCF""}",tx_k8dmrc5vzip
tx_01gpn0pg0mzh,GATEWAY_SETTLEMENT,pay_50S7L3H9,2268756,INR,2026-08-10,2026-08-22T19:25:35.052Z,BRAINTREE SETTLEMENT: 22687.56 INR,"{""gatewayProvider"":""PAYPAL"",""reference"":""pay_50S7L3H9""}",tx_0fv4hnh318xd
tx_fghpp3i0jdn,GATEWAY_SETTLEMENT,pay_FU8RJCD1,1564342,INR,2026-07-17,2026-08-23T12:53:13.052Z,PAYPAL SETTLEMENT: 15643.42 INR,"{""gatewayProvider"":""SQUARE"",""reference"":""pay_FU8RJCD1""}",tx_641d6ks5m9k
tx_tcg48xsxi9,GATEWAY_SETTLEMENT,pay_UJ6RMI4Z,2864886,INR,2026-07-07,2026-08-23T13:01:12.052Z,STRIPE SETTLEMENT: 28648.86 INR,"{""gatewayProvider"":""STRIPE"",""reference"":""pay_UJ6RMI4Z""}",tx_e6etl8eh9p
tx_5ctnx6zh4e8,GATEWAY_SETTLEMENT,pay_OMZ9YPTV,3106610,INR,2026-08-12,2026-08-23T15:13:36.052Z,PAYPAL SETTLEMENT: 31066.1 INR,"{""gatewayProvider"":""RAZORPAY"",""reference"":""pay_OMZ9YPTV""}",tx_4s3ed9lpmkg
tx_mq5ctn5017,GATEWAY_SETTLEMENT,pay_X58J2UU0,1871994,INR,2026-07-10,2026-08-22T22:12:19.052Z,PAYPAL SETTLEMENT: 18719.94 INR,"{""gatewayProvider"":""STRIPE"",""reference"":""pay_X58J2UU0""}",tx_s171btsbuj
tx_95pxv41p0ou,GATEWAY_SETTLEMENT,QHUMTQ78,3330821,INR,2026-07-18,2026-08-23T01:50:55.052Z,STRIPE SETTLEMENT: 33308.21 INR,"{""gatewayProvider"":""PAYPAL"",""reference"":""QHUMTQ78""}",tx_tac5nhkb9os
tx_exgcuia82v,GATEWAY_SETTLEMENT,pay_6MN42FVL,3340697,INR,2026-07-23,2026-08-22T20:29:51.052Z,PAYPAL SETTLEMENT: 33406.97 INR,"{""gatewayProvider"":""SQUARE"",""reference"":""pay_6MN42FVL""}",tx_639jnmjtb14
tx_3smrxuyhjcd,GATEWAY_SETTLEMENT,pay_N2UKO4U7,1137266,INR,2026-07-15,2026-08-23T08:25:23.052Z,STRIPE SETTLEMENT: 11372.66 INR,"{""gatewayProvider"":""PAYPAL"",""reference"":""pay_N2UKO4U7""}",tx_wy3vgo6oh9
tx_3mqnwqbp8ok,GATEWAY_SETTLEMENT,pay_5SA3R6GB,4301679,INR,2026-07-22,2026-08-23T11:12:16.052Z,BRAINTREE SETTLEMENT: 43016.79 INR,"{""gatewayProvider"":""RAZORPAY"",""reference"":""pay_5SA3R6GB""}",tx_nvfnq34ycv
tx_ck3inrsu05e,GATEWAY_SETTLEMENT,pay_FB43XNP1,126887,INR,2026-08-12,2026-08-23T01:40:29.052Z,PAYPAL SETTLEMENT: 1268.87 INR,"{""gatewayProvider"":""PAYPAL"",""reference"":""pay_FB43XNP1""}",tx_3qzw6zv5i9q
tx_ce6muuzazim,GATEWAY_SETTLEMENT,pay_BMODUXCO,4302983,INR,2026-08-11,2026-08-23T04:01:18.052Z,STRIPE SETTLEMENT: 43029.83 INR,"{""gatewayProvider"":""BRAINTREE"",""reference"":""pay_BMODUXCO""}",tx_8lymtern60y
tx_3bzndr4b28n,GATEWAY_SETTLEMENT,pay_DDA62EJ2,2361297,INR,2026-07-25,2026-08-23T16:19:50.052Z,SQUARE SETTLEMENT: 23612.97 INR,"{""gatewayProvider"":""STRIPE"",""reference"":""pay_DDA62EJ2""}",tx_ycjx6myimdp
tx_zzw7nkmgnl7,GATEWAY_SETTLEMENT,pay_4JENS0Q4,3603699,INR,2026-07-13,2026-08-22T20:52:41.052Z,PAYPAL SETTLEMENT: 36036.99 INR,"{""gatewayProvider"":""STRIPE"",""reference"":""pay_4JENS0Q4""}",tx_vk4i2krs0j
tx_9j8jgp3iel4,GATEWAY_SETTLEMENT,pay_MDRHTW40,2634155,INR,2026-08-17,2026-08-23T07:43:59.052Z,RAZORPAY SETTLEMENT: 26341.55 INR,"{""gatewayProvider"":""STRIPE"",""reference"":""pay_MDRHTW40""}",tx_l9pd2ulcccb
tx_2hbzd3r5pnl,GATEWAY_SETTLEMENT,pay_87LERNN9,4335121,INR,2026-08-03,2026-08-22T22:25:07.052Z,RAZORPAY SETTLEMENT: 43351.21 INR,"{""gatewayProvider"":""RAZORPAY"",""reference"":""pay_87LERNN9""}",tx_k99oh6eoltb
tx_uixip00eu4,GATEWAY_SETTLEMENT,pay_11VLGXCL,2547724,INR,2026-08-13,2026-08-22T23:35:43.052Z,STRIPE SETTLEMENT: 25477.24 INR,"{""gatewayProvider"":""BRAINTREE"",""reference"":""pay_11VLGXCL""}",tx_nrruy39cfzn
tx_zu9q3kgs0a,GATEWAY_SETTLEMENT,pay_Y7BKC7H8,4001387,INR,2026-07-17,2026-08-23T02:01:01.052Z,PAYPAL SETTLEMENT: 40013.87 INR,"{""gatewayProvider"":""PAYPAL"",""reference"":""pay_Y7BKC7H8""}",tx_fm8t6d8pkf
tx_e9egvqmfw74,GATEWAY_SETTLEMENT,pay_M97LSQV1,307508,INR,2026-07-24,2026-08-22T19:16:06.052Z,STRIPE SETTLEMENT: 3075.08 INR,"{""gatewayProvider"":""SQUARE"",""reference"":""pay_M97LSQV1""}",tx_u3v2ighqcn
tx_bv5l4wdtd7v,GATEWAY_SETTLEMENT,pay_2W547EL4,1188780,INR,2026-07-19,2026-08-23T14:16:27.052Z,PAYPAL SETTLEMENT: 11887.8 INR,"{""gatewayProvider"":""STRIPE"",""reference"":""pay_2W547EL4""}",tx_csvu7im2qnm
tx_zs8rwvmv2g,GATEWAY_SETTLEMENT,pay_YZQTXC4J,3474956,INR,2026-08-07,2026-08-22T19:17:07.052Z,RAZORPAY SETTLEMENT: 34749.56 INR,"{""gatewayProvider"":""BRAINTREE"",""reference"":""pay_YZQTXC4J""}",tx_0ddajyx2736m
tx_3fuj272afdx,GATEWAY_SETTLEMENT,pay_H4OJX5VE,4268487,INR,2026-07-09,2026-08-23T18:14:53.052Z,BRAINTREE SETTLEMENT: 42684.87 INR,"{""gatewayProvider"":""STRIPE"",""reference"":""pay_H4OJX5VE""}",tx_q94nwteagjo
tx_pc9tlo4mq4k,GATEWAY_SETTLEMENT,pay_UWH9CZAX,3712310,INR,2026-08-08,2026-08-23T02:10:50.052Z,SQUARE SETTLEMENT: 37123.1 INR,"{""gatewayProvider"":""BRAINTREE"",""reference"":""pay_UWH9CZAX""}",tx_ud6sk39n0ti
tx_rhdbwvawi8d,GATEWAY_SETTLEMENT,pay_SEB9XDKP,410637,INR,2026-07-24,2026-08-23T01:31:10.052Z,PAYPAL SETTLEMENT: 4106.37 INR,"{""gatewayProvider"":""RAZORPAY"",""reference"":""pay_SEB9XDKP""}",tx_x99yjavqvca
tx_cro1aa644kp,GATEWAY_SETTLEMENT,pay_W85ZG25Y,3722395,INR,2026-07-16,2026-08-23T04:06:45.052Z,STRIPE SETTLEMENT: 37223.95 INR,"{""gatewayProvider"":""RAZORPAY"",""reference"":""pay_W85ZG25Y""}",tx_27gvjlxyj45
tx_el7h2gb517o,GATEWAY_SETTLEMENT,pay_2AOW66YE,3009745,INR,2026-08-09,2026-08-22T22:09:17.052Z,SQUARE SETTLEMENT: 30097.45 INR,"{""gatewayProvider"":""SQUARE"",""reference"":""pay_2AOW66YE""}",tx_4ivdyoum1x7
tx_dqc83tpk38j,GATEWAY_SETTLEMENT,pay_TU88L3EF,3966696,INR,2026-07-14,2026-08-22T22:44:03.052Z,RAZORPAY SETTLEMENT: 39666.96 INR,"{""gatewayProvider"":""BRAINTREE"",""reference"":""pay_TU88L3EF""}",tx_aqq7jr27yol
tx_twbe88c4wr,GATEWAY_SETTLEMENT,pay_HGMSSPPI,3061748,INR,2026-07-19,2026-08-23T08:36:42.052Z,SQUARE SETTLEMENT: 30617.48 INR,"{""gatewayProvider"":""SQUARE"",""reference"":""pay_HGMSSPPI""}",tx_0xlo4ykiinz9
tx_27vrbrk6ssg,GATEWAY_SETTLEMENT,pay_AVG4YF8R,1683466,INR,2026-07-28,2026-08-23T01:45:49.052Z,BRAINTREE SETTLEMENT: 16834.66 INR,"{""gatewayProvider"":""BRAINTREE"",""reference"":""pay_AVG4YF8R""}",tx_ehjez6qnq44
tx_cystl86535r,GATEWAY_SETTLEMENT,pay_BLZ9MK3H,3208914,INR,2026-07-15,2026-08-22T20:54:06.052Z,BRAINTREE SETTLEMENT: 32089.14 INR,"{""gatewayProvider"":""RAZORPAY"",""reference"":""pay_BLZ9MK3H""}",tx_9za73egwipw
tx_z428hcmim09,GATEWAY_SETTLEMENT,pay_5X9DM6TI,1579241,INR,2026-08-16,2026-08-23T03:47:51.052Z,BRAINTREE SETTLEMENT: 15792.41 INR,"{""gatewayProvider"":""SQUARE"",""reference"":""pay_5X9DM6TI""}",tx_8le4d56kj46
tx_q9lwsfaqn6,GATEWAY_SETTLEMENT,pay_A72N56JA,3084695,INR,2026-08-05,2026-08-22T21:50:10.052Z,BRAINTREE SETTLEMENT: 30846.95 INR,"{""gatewayProvider"":""STRIPE"",""reference"":""pay_A72N56JA""}",tx_sbiknx8ukc
tx_xhloh5twigk,GATEWAY_SETTLEMENT,pay_X13JBZV4,3508250,INR,2026-08-06,2026-08-23T14:38:52.052Z,BRAINTREE SETTLEMENT: 35082.5 INR,"{""gatewayProvider"":""PAYPAL"",""reference"":""pay_X13JBZV4""}",tx_cem4x1n6qcu
tx_znffzzs52qm,GATEWAY_SETTLEMENT,pay_1DPOZ81N,3994876,INR,2026-07-30,2026-08-23T05:42:28.052Z,BRAINTREE SETTLEMENT: 39948.76 INR,"{""gatewayProvider"":""SQUARE"",""reference"":""pay_1DPOZ81N""}",tx_f1enyejhh7i
tx_sl3xg35ymq9,GATEWAY_SETTLEMENT,pay_KVPJIIEK,270519,INR,2026-08-09,2026-08-23T18:17:19.052Z,SQUARE SETTLEMENT: 2705.19 INR,"{""gatewayProvider"":""BRAINTREE"",""reference"":""pay_KVPJIIEK""}",tx_xsbbabpj04l
tx_rbxd6n8ggff,GATEWAY_SETTLEMENT,apy_ERBE0AZ0,3535675,INR,2026-07-13,2026-08-23T06:09:18.052Z,SQUARE SETTLEMENT: 35356.75 INR,"{""gatewayProvider"":""SQUARE"",""reference"":""apy_ERBE0AZ0""}",tx_9rm7otanhm
tx_5b7xyvyypo7,GATEWAY_SETTLEMENT,pay_S2MNPCVP,4069938,INR,2026-07-06,2026-08-23T00:13:18.052Z,BRAINTREE SETTLEMENT: 40699.38 INR,"{""gatewayProvider"":""PAYPAL"",""reference"":""pay_S2MNPCVP""}",tx_cvp07qc6gb5
tx_1x6lt0gav4z,GATEWAY_SETTLEMENT,pay_QM6TA60R,3667902,INR,2026-08-12,2026-08-22T19:40:26.052Z,SQUARE SETTLEMENT: 36679.02 INR,"{""gatewayProvider"":""STRIPE"",""reference"":""pay_QM6TA60R""}",tx_k8hyivbkts
tx_6j4cdfxu7y4,GATEWAY_SETTLEMENT,pay_3V3OIKR4,3641041,INR,2026-08-15,2026-08-23T03:57:46.052Z,BRAINTREE SETTLEMENT: 36410.41 INR,"{""gatewayProvider"":""PAYPAL"",""reference"":""pay_3V3OIKR4""}",tx_tmv88s0c6te
tx_9msoh7947kr,GATEWAY_SETTLEMENT,pay_V3F04TWD,1044991,INR,2026-07-13,2026-08-23T05:22:01.053Z,RAZORPAY SETTLEMENT: 10449.91 INR,"{""gatewayProvider"":""SQUARE"",""reference"":""pay_V3F04TWD""}",tx_hcfjxabyj6s
tx_87x3w0l84ly,GATEWAY_SETTLEMENT,pay_JFHM73T9,3034157,INR,2026-08-07,2026-08-22T19:32:06.053Z,STRIPE SETTLEMENT: 30341.57 INR,"{""gatewayProvider"":""PAYPAL"",""reference"":""pay_JFHM73T9""}",tx_m1rrade28m
tx_ukiu6h3m2jh,GATEWAY_SETTLEMENT,pay_ARMXLTS3,2815506,INR,2026-07-12,2026-08-23T11:30:07.053Z,SQUARE SETTLEMENT: 28155.06 INR,"{""gatewayProvider"":""SQUARE"",""reference"":""pay_ARMXLTS3""}",tx_2uj6bdyi2ja
tx_ofbqaujb2vk,GATEWAY_SETTLEMENT,pay_9F4UVW6K,3711398,INR,2026-08-13,2026-08-22T21:43:39.053Z,BRAINTREE SETTLEMENT: 37113.98 INR,"{""gatewayProvider"":""RAZORPAY"",""reference"":""pay_9F4UVW6K""}",tx_fdrutfiyyl
tx_3b78xu281mg,GATEWAY_SETTLEMENT,pay_GJOLQU62,1441229,INR,2026-08-14,2026-08-22T21:47:13.053Z,BRAINTREE SETTLEMENT: 14412.29 INR,"{""gatewayProvider"":""STRIPE"",""reference"":""pay_GJOLQU62""}",tx_8ilp6djib0d
tx_sm7rmszp9uo,GATEWAY_SETTLEMENT,pay_V399UD74,2427670,INR,2026-08-03,2026-08-23T15:36:39.053Z,PAYPAL SETTLEMENT: 24276.7 INR,"{""gatewayProvider"":""RAZORPAY"",""reference"":""pay_V399UD74""}",tx_uahwj0za9ra
tx_6d5o5wt1t8l,GATEWAY_SETTLEMENT,pay_SX4DB31C,2432775,INR,2026-07-26,2026-08-23T01:55:58.053Z,SQUARE SETTLEMENT: 24327.75 INR,"{""gatewayProvider"":""RAZORPAY"",""reference"":""pay_SX4DB31C""}",tx_svnuqts9no
tx_er0jthobk0k,GATEWAY_SETTLEMENT,pay_X2MRI5EB,3367052,INR,2026-07-26,2026-08-23T03:28:06.053Z,SQUARE SETTLEMENT: 33670.52 INR,"{""gatewayProvider"":""STRIPE"",""reference"":""pay_X2MRI5EB""}",tx_gmc3bstacwd
tx_uyowekvhd2o,GATEWAY_SETTLEMENT,pay_1V6XBQN1,3361590,INR,2026-07-20,2026-08-23T12:18:44.053Z,RAZORPAY SETTLEMENT: 33615.9 INR,"{""gatewayProvider"":""BRAINTREE"",""reference"":""pay_1V6XBQN1""}",tx_onc0n6cuik
tx_vj1sbd5kk1,GATEWAY_SETTLEMENT,pay_PMCPKHZZ,1629134,INR,2026-08-08,2026-08-22T20:29:10.053Z,BRAINTREE SETTLEMENT: 16291.34 INR,"{""gatewayProvider"":""STRIPE"",""reference"":""pay_PMCPKHZZ""}",tx_nxx738v3l2
tx_h7ks2tvtc9q,GATEWAY_SETTLEMENT,pay_D0XMYN7I,2807628,INR,2026-07-30,2026-08-23T15:10:30.053Z,BRAINTREE SETTLEMENT: 28076.28 INR,"{""gatewayProvider"":""PAYPAL"",""reference"":""pay_D0XMYN7I""}",tx_jxm953dae4
tx_5iu4oy5qjk9,GATEWAY_SETTLEMENT,AP9WJHA6,2281953,INR,2026-08-12,2026-08-23T16:00:23.053Z,SQUARE SETTLEMENT: 22819.53 INR,"{""gatewayProvider"":""PAYPAL"",""reference"":""AP9WJHA6""}",tx_ivjpo9g93f
tx_32lohb7sgcz,GATEWAY_SETTLEMENT,pay_39XT3LJE,3255975,INR,2026-08-06,2026-08-23T15:13:25.053Z,STRIPE SETTLEMENT: 32559.75 INR,"{""gatewayProvider"":""SQUARE"",""reference"":""pay_39XT3LJE""}",tx_v2bwzi90ch
tx_eozfur8wir8,GATEWAY_SETTLEMENT,pay_8C95798D,2750204,INR,2026-08-06,2026-08-23T17:57:12.053Z,RAZORPAY SETTLEMENT: 27502.04 INR,"{""gatewayProvider"":""BRAINTREE"",""reference"":""pay_8C95798D""}",tx_8nctauunx3f
tx_uveamh88zrq,GATEWAY_SETTLEMENT,pay_S5E55MVV,1940399,INR,2026-08-01,2026-08-23T16:34:48.053Z,STRIPE SETTLEMENT: 19403.99 INR,"{""gatewayProvider"":""PAYPAL"",""reference"":""pay_S5E55MVV""}",tx_xctruvfigl
tx_lgapa1y64qq,GATEWAY_SETTLEMENT,pay_5O3WMN6V,1441810,INR,2026-07-23,2026-08-23T02:49:22.053Z,STRIPE SETTLEMENT: 14418.1 INR,"{""gatewayProvider"":""BRAINTREE"",""reference"":""pay_5O3WMN6V""}",tx_6jg0tc7tt7b
tx_orndu4e00x,GATEWAY_SETTLEMENT,pay_MXDOL3LE,753688,INR,2026-08-07,2026-08-23T11:27:44.053Z,STRIPE SETTLEMENT: 7536.88 INR,"{""gatewayProvider"":""SQUARE"",""reference"":""pay_MXDOL3LE""}",tx_t33l4zef9p
tx_e2vnudvhdxq,GATEWAY_SETTLEMENT,pay_F7CMAI8N,875069,INR,2026-07-25,2026-08-22T23:11:01.053Z,BRAINTREE SETTLEMENT: 8750.69 INR,"{""gatewayProvider"":""BRAINTREE"",""reference"":""pay_F7CMAI8N""}",tx_1z2a093uace
tx_hrlqewl6cjv,GATEWAY_SETTLEMENT,pay_37IQUU44,1710748,INR,2026-08-01,2026-08-23T03:56:34.053Z,PAYPAL SETTLEMENT: 17107.48 INR,"{""gatewayProvider"":""BRAINTREE"",""reference"":""pay_37IQUU44""}",tx_4chvk1l4bia
tx_v0fadsp456,GATEWAY_SETTLEMENT,pay_30SA3K58,4311824,INR,2026-07-22,2026-08-23T10:17:25.053Z,SQUARE SETTLEMENT: 43118.24 INR,"{""gatewayProvider"":""BRAINTREE"",""reference"":""pay_30SA3K58""}",tx_z7pv7zuzwng
tx_sq59dyxn5v,GATEWAY_SETTLEMENT,pay_G0LGXGA4,2835582,INR,2026-07-26,2026-08-23T09:39:06.053Z,SQUARE SETTLEMENT: 28355.82 INR,"{""gatewayProvider"":""BRAINTREE"",""reference"":""pay_G0LGXGA4""}",tx_uisog978eof
tx_ny18ek0j1h,GATEWAY_SETTLEMENT,pay_YHE177FI,369798,INR,2026-08-01,2026-08-23T00:00:14.053Z,RAZORPAY SETTLEMENT: 3697.98 INR,"{""gatewayProvider"":""BRAINTREE"",""reference"":""pay_YHE177FI""}",tx_0ulawezun8h
tx_n9ab9n6f3z,GATEWAY_SETTLEMENT,pay_0K71VG6C,2993398,INR,2026-07-31,2026-08-23T03:42:56.053Z,PAYPAL SETTLEMENT: 29933.98 INR,"{""gatewayProvider"":""PAYPAL"",""reference"":""pay_0K71VG6C""}",tx_lzilnqa7apj
tx_zb0fzh9dc7,GATEWAY_SETTLEMENT,pay_IAA6P13Y,2859448,INR,2026-07-14,2026-08-23T15:45:33.053Z,PAYPAL SETTLEMENT: 28594.48 INR,"{""gatewayProvider"":""SQUARE"",""reference"":""pay_IAA6P13Y""}",tx_46435sducbk
tx_4608t7bjesr,GATEWAY_SETTLEMENT,pay_BUP740HB,1235451,INR,2026-07-27,2026-08-23T15:11:47.053Z,STRIPE SETTLEMENT: 12354.51 INR,"{""gatewayProvider"":""PAYPAL"",""reference"":""pay_BUP740HB""}",tx_4zasfg6ut5
tx_xjipgwn48ao,GATEWAY_SETTLEMENT,pay_JH5DUQV2,3300575,INR,2026-07-08,2026-08-23T06:38:26.053Z,STRIPE SETTLEMENT: 33005.75 INR,"{""gatewayProvider"":""RAZORPAY"",""reference"":""pay_JH5DUQV2""}",tx_xkk6im1zvt
tx_xvqiw4ab0y,GATEWAY_SETTLEMENT,pay_IKZH3DEW,4165173,INR,2026-07-12,2026-08-23T15:44:44.053Z,RAZORPAY SETTLEMENT: 41651.73 INR,"{""gatewayProvider"":""PAYPAL"",""reference"":""pay_IKZH3DEW""}",tx_pu31m6fs8m
tx_nheq3j2oppt,GATEWAY_SETTLEMENT,pay_UX9VU355,1660077,INR,2026-08-02,2026-08-22T23:25:21.053Z,SQUARE SETTLEMENT: 16600.77 INR,"{""gatewayProvider"":""PAYPAL"",""reference"":""pay_UX9VU355""}",tx_hdbdbb8ac17
tx_8zx213l50r,GATEWAY_SETTLEMENT,pay_17R6HKY6,237050,INR,2026-08-03,2026-08-21T23:12:13.053Z,SQUARE PAYMENT: 2370.5 INR,"{""gatewayProvider"":""BRAINTREE""}",
tx_xexgmf77ens,GATEWAY_SETTLEMENT,RBI5H56C,1878835,INR,2026-07-28,2026-08-23T04:15:16.053Z,BRAINTREE SETTLEMENT: 18788.35 INR,"{""gatewayProvider"":""STRIPE"",""reference"":""RBI5H56C""}",tx_o3k7n4bkk9
tx_3lqcz8qtm14,GATEWAY_SETTLEMENT,pay_WIT1R42F,660103,INR,2026-08-07,2026-08-22T21:00:41.053Z,SQUARE SETTLEMENT: 6601.03 INR,"{""gatewayProvider"":""BRAINTREE"",""reference"":""pay_WIT1R42F""}",tx_lbf7tmlu9r
tx_0bhxm6ulwxyo,GATEWAY_SETTLEMENT,pay_F2VQHAW3,1966714,INR,2026-07-27,2026-08-23T10:25:01.053Z,STRIPE SETTLEMENT: 19667.14 INR,"{""gatewayProvider"":""RAZORPAY"",""reference"":""pay_F2VQHAW3""}",tx_6bffk9jsyar
tx_8t9zieljd7w,GATEWAY_SETTLEMENT,pay_ZUBUHDBQ,2406667,INR,2026-07-23,2026-08-23T17:19:36.053Z,SQUARE SETTLEMENT: 24066.67 INR,"{""gatewayProvider"":""RAZORPAY"",""reference"":""pay_ZUBUHDBQ""}",tx_x1ydijqpz9
tx_0l5o6sdc0ucn,GATEWAY_SETTLEMENT,pay_OLVTGI1U,1505355,INR,2026-07-20,2026-08-22T19:31:37.053Z,STRIPE SETTLEMENT: 15053.55 INR,"{""gatewayProvider"":""STRIPE"",""reference"":""pay_OLVTGI1U""}",tx_2eh2f9ca11u
tx_y8ov2ndn3wp,GATEWAY_SETTLEMENT,pay_EOOPJS5Y,2547268,INR,2026-08-09,2026-08-21T22:02:33.053Z,STRIPE PAYMENT: 25472.68 INR,"{""gatewayProvider"":""SQUARE""}",
tx_uxglql6b44h,GATEWAY_SETTLEMENT,pay_DJ5Z4RBO,3597510,INR,2026-08-11,2026-08-23T17:49:55.053Z,STRIPE SETTLEMENT: 35975.1 INR,"{""gatewayProvider"":""STRIPE"",""reference"":""pay_DJ5Z4RBO""}",tx_aw1bx502pp5
tx_dvw3ax0da5k,GATEWAY_SETTLEMENT,pay_31FER6CR,2500605,INR,2026-07-22,2026-08-23T17:14:40.053Z,RAZORPAY SETTLEMENT: 25006.05 INR,"{""gatewayProvider"":""PAYPAL"",""reference"":""pay_31FER6CR""}",tx_2gi4bigzan3
tx_p22paxq2oo,GATEWAY_SETTLEMENT,pay_1F48Z9SI,2742265,INR,2026-07-06,2026-08-23T07:32:49.053Z,RAZORPAY SETTLEMENT: 27422.65 INR,"{""gatewayProvider"":""SQUARE"",""reference"":""pay_1F48Z9SI""}",tx_du4fqfc39m4
tx_tj1glvbi17h,GATEWAY_SETTLEMENT,pay_ZFR6MKSX,472525,INR,2026-07-08,2026-08-23T14:49:52.053Z,PAYPAL SETTLEMENT: 4725.25 INR,"{""gatewayProvider"":""PAYPAL"",""reference"":""pay_ZFR6MKSX""}",tx_rxr6rsnf4a
tx_tz64zq0a9jj,GATEWAY_SETTLEMENT,pay_4KPIGD8M,1169140,INR,2026-07-12,2026-08-23T17:09:44.053Z,STRIPE SETTLEMENT: 11691.4 INR,"{""gatewayProvider"":""STRIPE"",""reference"":""pay_4KPIGD8M""}",tx_03gykarbsq2h
tx_crc2hr4fib,GATEWAY_SETTLEMENT,pay_BO5MAOU8,1326100,INR,2026-07-08,2026-08-23T14:23:01.053Z,RAZORPAY SETTLEMENT: 13261 INR,"{""gatewayProvider"":""RAZORPAY"",""reference"":""pay_BO5MAOU8""}",tx_nl0j0hlbop
tx_dr7l4izi15a,GATEWAY_SETTLEMENT,pay_5NTRZZVQ,292023,INR,2026-07-09,2026-08-23T03:10:26.053Z,BRAINTREE SETTLEMENT: 2920.23 INR,"{""gatewayProvider"":""RAZORPAY"",""reference"":""pay_5NTRZZVQ""}",tx_0qidk8xurcuk
tx_v3woj054h,GATEWAY_SETTLEMENT,pay_ZA6OM5MQ,2098762,INR,2026-07-19,2026-08-23T17:38:49.053Z,STRIPE SETTLEMENT: 20987.62 INR,"{""gatewayProvider"":""PAYPAL"",""reference"":""pay_ZA6OM5MQ""}",tx_vv5tovwgdw8
tx_pbtyas3o9xs,GATEWAY_SETTLEMENT,pay_Y3XMBA28,1471526,INR,2026-07-31,2026-08-23T08:14:53.054Z,RAZORPAY SETTLEMENT: 14715.26 INR,"{""gatewayProvider"":""BRAINTREE"",""reference"":""pay_Y3XMBA28""}",tx_6m8u1zd9a3h
tx_h6wr36znj0r,GATEWAY_SETTLEMENT,pay_SZA3H60G,4234911,INR,2026-08-13,2026-08-23T04:48:54.054Z,RAZORPAY SETTLEMENT: 42349.11 INR,"{""gatewayProvider"":""SQUARE"",""reference"":""pay_SZA3H60G""}",tx_db2wh0tv1o
tx_jiqzjxqcwqc,GATEWAY_SETTLEMENT,pay_FSRP4RJR,4075126,INR,2026-07-19,2026-08-23T05:54:00.054Z,STRIPE SETTLEMENT: 40751.26 INR,"{""gatewayProvider"":""PAYPAL"",""reference"":""pay_FSRP4RJR""}",tx_541p0ejbiea
tx_ebdp0ehzxql,GATEWAY_SETTLEMENT,pay_V6LDZHNO,1374178,INR,2026-07-24,2026-08-23T00:43:19.054Z,RAZORPAY SETTLEMENT: 13741.78 INR,"{""gatewayProvider"":""RAZORPAY"",""reference"":""pay_V6LDZHNO""}",tx_i2gh4ox944
tx_dg61mc4143h,GATEWAY_SETTLEMENT,pay_GPMWON2N,1916219,INR,2026-07-26,2026-08-23T15:19:48.054Z,SQUARE SETTLEMENT: 19162.19 INR,"{""gatewayProvider"":""BRAINTREE"",""reference"":""pay_GPMWON2N""}",tx_74li72n08xb
tx_nikiwvp9fc,GATEWAY_SETTLEMENT,pay_1QJG9B9J,4001257,INR,2026-07-24,2026-08-22T18:32:31.054Z,SQUARE SETTLEMENT: 40012.57 INR,"{""gatewayProvider"":""SQUARE"",""reference"":""pay_1QJG9B9J""}",tx_ksf4kyruckd
tx_1wezzyziw93,GATEWAY_SETTLEMENT,pay_ZZ8974QS,3141392,INR,2026-08-17,2026-08-23T13:12:03.054Z,PAYPAL SETTLEMENT: 31413.92 INR,"{""gatewayProvider"":""STRIPE"",""reference"":""pay_ZZ8974QS""}",tx_0qjj8vkp7z8e
tx_mhxjmofm3i,GATEWAY_SETTLEMENT,pay_R9EGZULT,944243,INR,2026-07-25,2026-08-22T21:46:19.054Z,STRIPE SETTLEMENT: 9442.43 INR,"{""gatewayProvider"":""RAZORPAY"",""reference"":""pay_R9EGZULT""}",tx_8rr2g7db5xt
tx_shg3n4v11rl,GATEWAY_SETTLEMENT,pay_H70JMSFI,2689629,INR,2026-08-15,2026-08-22T22:54:19.054Z,STRIPE SETTLEMENT: 26896.29 INR,"{""gatewayProvider"":""PAYPAL"",""reference"":""pay_H70JMSFI""}",tx_impu5a9tzs
tx_jtkmmjhnzw9,GATEWAY_SETTLEMENT,pay_UQY6EPEA,1836751,INR,2026-08-19,2026-08-23T01:29:38.054Z,BRAINTREE SETTLEMENT: 18367.51 INR,"{""gatewayProvider"":""BRAINTREE"",""reference"":""pay_UQY6EPEA""}",tx_pswdvj8o4g
tx_rss18jj5afr,GATEWAY_SETTLEMENT,pay_H3UOCVZ2,4464253,INR,2026-07-18,2026-08-22T21:59:19.054Z,RAZORPAY SETTLEMENT: 44642.53 INR,"{""gatewayProvider"":""PAYPAL"",""reference"":""pay_H3UOCVZ2""}",tx_rr9s7tw190p
tx_wjgwv8gky1e,GATEWAY_SETTLEMENT,pay_Q5WMVXMZ,927420,INR,2026-07-26,2026-08-22T20:29:58.054Z,SQUARE SETTLEMENT: 9274.2 INR,"{""gatewayProvider"":""BRAINTREE"",""reference"":""pay_Q5WMVXMZ""}",tx_te79v018ai
tx_hep0jhv0po7,GATEWAY_SETTLEMENT,pay_E377KQLS,3643888,INR,2026-08-14,2026-08-21T22:28:33.054Z,SQUARE PAYMENT: 36438.88 INR,"{""gatewayProvider"":""PAYPAL""}",
tx_swqskgzq1tm,GATEWAY_SETTLEMENT,pay_D1GN9R3I,4462044,INR,2026-07-31,2026-08-22T22:05:22.054Z,SQUARE SETTLEMENT: 44620.44 INR,"{""gatewayProvider"":""PAYPAL"",""reference"":""pay_D1GN9R3I""}",tx_dda6tprnt96
tx_y1qe7zc2jp,GATEWAY_SETTLEMENT,pay_FNJ0M7JB,708465,INR,2026-08-17,2026-08-23T09:27:05.054Z,STRIPE SETTLEMENT: 7084.65 INR,"{""gatewayProvider"":""RAZORPAY"",""reference"":""pay_FNJ0M7JB""}",tx_ovydq6qsia
tx_q08u6cdwp1o,GATEWAY_SETTLEMENT,pay_upmpfqvv,674319,INR,2026-07-30,2026-08-22T19:07:35.054Z,BRAINTREE SETTLEMENT: 6743.19 INR,"{""gatewayProvider"":""SQUARE"",""reference"":""pay_upmpfqvv""}",tx_9ou7d0vbfmo
tx_84mufg5kn5d,GATEWAY_SETTLEMENT,pay_1YJW0E68,2839411,INR,2026-08-13,2026-08-22T20:31:44.054Z,BRAINTREE SETTLEMENT: 28394.11 INR,"{""gatewayProvider"":""RAZORPAY"",""reference"":""pay_1YJW0E68""}",tx_237y3xafazdj
tx_wpc71bl3nl,GATEWAY_SETTLEMENT,pay_B60U3WI3,2013758,INR,2026-07-06,2026-08-23T10:24:57.054Z,PAYPAL SETTLEMENT: 20137.58 INR,"{""gatewayProvider"":""PAYPAL"",""reference"":""pay_B60U3WI3""}",tx_o6omujk88oj
tx_ykk5c61rdfm,GATEWAY_SETTLEMENT,pay_VWI9CKAU,3418863,INR,2026-08-10,2026-08-23T05:43:00.054Z,RAZORPAY SETTLEMENT: 34188.63 INR,"{""gatewayProvider"":""BRAINTREE"",""reference"":""pay_VWI9CKAU""}",tx_wubbcxalou
tx_6b5vulart7o,GATEWAY_SETTLEMENT,pay_9GZCVM04,2754262,INR,2026-08-13,2026-08-23T09:12:19.054Z,RAZORPAY SETTLEMENT: 27542.62 INR,"{""gatewayProvider"":""STRIPE"",""reference"":""pay_9GZCVM04""}",tx_wzl6gbv4zy
tx_oarlaat6jpm,GATEWAY_SETTLEMENT,pay_Z3QZFBGA,567705,INR,2026-07-20,2026-08-23T02:23:53.054Z,PAYPAL SETTLEMENT: 5677.05 INR,"{""gatewayProvider"":""PAYPAL"",""reference"":""pay_Z3QZFBGA""}",tx_elbzbpkmqb
tx_7lcwzx0sy5c,GATEWAY_SETTLEMENT,pay_89V4CHZ4,756933,INR,2026-07-22,2026-08-23T07:32:27.054Z,STRIPE SETTLEMENT: 7569.33 INR,"{""gatewayProvider"":""STRIPE"",""reference"":""pay_89V4CHZ4""}",tx_kn3jk0tm30j
tx_agcbbapj7c6,GATEWAY_SETTLEMENT,pay_X0BYNMWS,528921,INR,2026-07-13,2026-08-23T07:31:32.054Z,STRIPE SETTLEMENT: 5289.21 INR,"{""gatewayProvider"":""SQUARE"",""reference"":""pay_X0BYNMWS""}",tx_rk198qrakpe
tx_v426my9bwsc,GATEWAY_SETTLEMENT,pay_OIWINIYO,481228,INR,2026-08-04,2026-08-23T01:34:10.054Z,STRIPE SETTLEMENT: 4812.28 INR,"{""gatewayProvider"":""SQUARE"",""reference"":""pay_OIWINIYO""}",tx_60ncqbcefqy
tx_ilxr5bfayc,GATEWAY_SETTLEMENT,pay_Z14TR5QU,2632153,INR,2026-07-13,2026-08-23T12:49:51.054Z,BRAINTREE SETTLEMENT: 26321.53 INR,"{""gatewayProvider"":""SQUARE"",""reference"":""pay_Z14TR5QU""}",tx_l0asf53s6is
tx_vgurpzz6ea,GATEWAY_SETTLEMENT,pay_UH0DA9B3,4295047,INR,2026-07-28,2026-08-23T13:33:01.054Z,RAZORPAY SETTLEMENT: 42950.47 INR,"{""gatewayProvider"":""SQUARE"",""reference"":""pay_UH0DA9B3""}",tx_5zbxswsrrt7
tx_ef6n0mcygl,GATEWAY_SETTLEMENT,pay_IEZCVRFL,1984961,INR,2026-07-16,2026-08-23T07:19:32.054Z,PAYPAL SETTLEMENT: 19849.61 INR,"{""gatewayProvider"":""SQUARE"",""reference"":""pay_IEZCVRFL""}",tx_jy48bztowe
tx_g6wrlakmb8,GATEWAY_SETTLEMENT,pay_4JTRC0ZO,4310879,INR,2026-07-22,2026-08-22T23:29:07.054Z,STRIPE SETTLEMENT: 43108.79 INR,"{""gatewayProvider"":""SQUARE"",""reference"":""pay_4JTRC0ZO""}",tx_ojm8z5nsno
tx_hvzp4svv9oa,GATEWAY_SETTLEMENT,pay_7LS1FDKR,1921332,INR,2026-07-25,2026-08-23T14:47:26.054Z,BRAINTREE SETTLEMENT: 19213.32 INR,"{""gatewayProvider"":""RAZORPAY"",""reference"":""pay_7LS1FDKR""}",tx_3l7gexrnemg
tx_1wghwn6tnvw,GATEWAY_SETTLEMENT,pay_1OG3A1MD,3480834,INR,2026-07-21,2026-08-23T08:36:12.054Z,SQUARE SETTLEMENT: 34808.34 INR,"{""gatewayProvider"":""STRIPE"",""reference"":""pay_1OG3A1MD""}",tx_rkbn4thva8
tx_jr3ndszqe1,GATEWAY_SETTLEMENT,pay_Q0JC9A5E,3879339,INR,2026-08-17,2026-08-23T00:58:51.054Z,RAZORPAY SETTLEMENT: 38793.39 INR,"{""gatewayProvider"":""STRIPE"",""reference"":""pay_Q0JC9A5E""}",tx_di4y8yas4da
tx_967q05hmj6k,GATEWAY_SETTLEMENT,pay_4OJ2PTB8,104113,INR,2026-08-20,2026-08-21T19:42:50.054Z,BRAINTREE PAYMENT: 1041.13 INR,"{""gatewayProvider"":""PAYPAL""}",
tx_dvmiehr5gw7,GATEWAY_SETTLEMENT,pay_E4XQG6AZ,3828833,INR,2026-07-22,2026-08-23T13:02:45.054Z,RAZORPAY SETTLEMENT: 38288.33 INR,"{""gatewayProvider"":""BRAINTREE"",""reference"":""pay_E4XQG6AZ""}",tx_jney0khxf3g
tx_x3skjar1sw,GATEWAY_SETTLEMENT,pay_HHCK6ELX,3451416,INR,2026-07-29,2026-08-23T00:18:26.054Z,RAZORPAY SETTLEMENT: 34514.16 INR,"{""gatewayProvider"":""BRAINTREE"",""reference"":""pay_HHCK6ELX""}",tx_37jl273ruo2
tx_x0py5gj1rm,GATEWAY_SETTLEMENT,pay_OOAODW36,1092588,INR,2026-08-09,2026-08-23T09:01:31.054Z,PAYPAL SETTLEMENT: 10925.88 INR,"{""gatewayProvider"":""PAYPAL"",""reference"":""pay_OOAODW36""}",tx_odcj7warlta
tx_l0kp8x442vj,GATEWAY_SETTLEMENT,pay_93AXR80T,817393,INR,2026-08-17,2026-08-23T14:31:38.054Z,RAZORPAY SETTLEMENT: 8173.93 INR,"{""gatewayProvider"":""STRIPE"",""reference"":""pay_93AXR80T""}",tx_dj891tkqdx
tx_fyefzlms50q,GATEWAY_SETTLEMENT,pay_IN5Z2WUL,1635502,INR,2026-07-15,2026-08-23T02:07:05.055Z,STRIPE SETTLEMENT: 16355.02 INR,"{""gatewayProvider"":""PAYPAL"",""reference"":""pay_IN5Z2WUL""}",tx_m56n44mfoz
tx_vfkrag5k55h,GATEWAY_SETTLEMENT,pay_ER4K70AD,994306,INR,2026-08-18,2026-08-22T21:41:59.056Z,BRAINTREE SETTLEMENT: 9943.06 INR,"{""gatewayProvider"":""BRAINTREE"",""reference"":""pay_ER4K70AD""}",tx_790d4g2p65f
tx_fsefhjus1v,GATEWAY_SETTLEMENT,pay_05SZCJ7O,3570288,INR,2026-07-12,2026-08-23T14:31:25.056Z,BRAINTREE SETTLEMENT: 35702.88 INR,"{""gatewayProvider"":""BRAINTREE"",""reference"":""pay_05SZCJ7O""}",tx_2f3annohi53
tx_1vwsighimul,GATEWAY_SETTLEMENT,pay_9J7Q6WNB,2730141,INR,2026-08-05,2026-08-23T17:39:12.056Z,STRIPE SETTLEMENT: 27301.41 INR,"{""gatewayProvider"":""PAYPAL"",""reference"":""pay_9J7Q6WNB""}",tx_m49ye76hnx
tx_uxmxnduxikg,GATEWAY_SETTLEMENT,pay_8WKPIM7X,3684768,INR,2026-07-30,2026-08-23T17:44:37.056Z,STRIPE SETTLEMENT: 36847.68 INR,"{""gatewayProvider"":""STRIPE"",""reference"":""pay_8WKPIM7X""}",tx_l03lkwy4w7
tx_3vevif75r0q,GATEWAY_SETTLEMENT,pay_KBODZPCD,1306652,INR,2026-07-15,2026-08-22T21:56:39.056Z,RAZORPAY SETTLEMENT: 13066.52 INR,"{""gatewayProvider"":""RAZORPAY"",""reference"":""pay_KBODZPCD""}",tx_yxwtlcl30qj
tx_rrn2v8bhnw8,GATEWAY_SETTLEMENT,pay_W8PM21BJ,3122430,INR,2026-07-21,2026-08-22T21:41:06.056Z,SQUARE SETTLEMENT: 31224.3 INR,"{""gatewayProvider"":""BRAINTREE"",""reference"":""pay_W8PM21BJ""}",tx_t7vbd6n25t
tx_mscsizvt0ka,GATEWAY_SETTLEMENT,pay_KZRTZTCN,2007967,INR,2026-08-16,2026-08-23T17:06:18.056Z,SQUARE SETTLEMENT: 20079.67 INR,"{""gatewayProvider"":""SQUARE"",""reference"":""pay_KZRTZTCN""}",tx_p3wcrobez28
tx_49dvtdtpejw,GATEWAY_SETTLEMENT,pay_W3IWRWXM,1262453,INR,2026-07-24,2026-08-22T23:24:57.056Z,PAYPAL SETTLEMENT: 12624.53 INR,"{""gatewayProvider"":""PAYPAL"",""reference"":""pay_W3IWRWXM""}",tx_3n6ss07e50i
tx_okfmzy9x76h,GATEWAY_SETTLEMENT,pay_4S4NCRHN,2446617,INR,2026-07-09,2026-08-23T06:10:03.056Z,BRAINTREE SETTLEMENT: 24466.17 INR,"{""gatewayProvider"":""STRIPE"",""reference"":""pay_4S4NCRHN""}",tx_380zzkcdwln
tx_6etgrqknxgi,GATEWAY_SETTLEMENT,pay_Y54MJX82,1660662,INR,2026-07-14,2026-08-22T20:17:58.056Z,BRAINTREE SETTLEMENT: 16606.62 INR,"{""gatewayProvider"":""SQUARE"",""reference"":""pay_Y54MJX82""}",tx_stybarpy12d
tx_auahvm83zgt,GATEWAY_SETTLEMENT,pay_BVDGMUGC,1806013,INR,2026-08-14,2026-08-23T02:03:06.056Z,RAZORPAY SETTLEMENT: 18060.13 INR,"{""gatewayProvider"":""BRAINTREE"",""reference"":""pay_BVDGMUGC""}",tx_k1buuxgzu4
tx_2x1rl3gxnpc,GATEWAY_SETTLEMENT,pay_V2WUOIFR,3273635,INR,2026-07-16,2026-08-23T14:24:37.056Z,STRIPE SETTLEMENT: 32736.35 INR,"{""gatewayProvider"":""BRAINTREE"",""reference"":""pay_V2WUOIFR""}",tx_gzejtk7law
tx_4wcert70owh,GATEWAY_SETTLEMENT,pay_Q7P1871T,1492521,INR,2026-08-17,2026-08-22T22:39:07.056Z,SQUARE SETTLEMENT: 14925.21 INR,"{""gatewayProvider"":""RAZORPAY"",""reference"":""pay_Q7P1871T""}",tx_0h7jfqp0mdcp
tx_y893rqzo2qc,GATEWAY_SETTLEMENT,pay_DPBDJ9QR,4309277,INR,2026-07-25,2026-08-23T04:51:37.056Z,STRIPE SETTLEMENT: 43092.77 INR,"{""gatewayProvider"":""RAZORPAY"",""reference"":""pay_DPBDJ9QR""}",tx_z8vho01ve0g
tx_6fmpfw9avdt,GATEWAY_SETTLEMENT,pay_2WOW96V1,1625358,INR,2026-07-26,2026-08-23T15:57:50.056Z,BRAINTREE SETTLEMENT: 16253.58 INR,"{""gatewayProvider"":""PAYPAL"",""reference"":""pay_2WOW96V1""}",tx_wj6xk4jz4w9
tx_6guf9icqbw7,GATEWAY_SETTLEMENT,pay_82ITAQAN,996374,INR,2026-08-13,2026-08-22T20:02:57.056Z,PAYPAL SETTLEMENT: 9963.74 INR,"{""gatewayProvider"":""SQUARE"",""reference"":""pay_82ITAQAN""}",tx_rdthjekr5jp
tx_qm2bun8ux9o,GATEWAY_SETTLEMENT,pay_AEAXRUVN,2876806,INR,2026-07-07,2026-08-23T17:34:41.056Z,STRIPE SETTLEMENT: 28768.06 INR,"{""gatewayProvider"":""SQUARE"",""reference"":""pay_AEAXRUVN""}",tx_3phxe91fnad
tx_2ilht25euvk,GATEWAY_SETTLEMENT,pay_LDH6JINZ,3859890,INR,2026-07-25,2026-08-23T14:08:47.057Z,SQUARE SETTLEMENT: 38598.9 INR,"{""gatewayProvider"":""SQUARE"",""reference"":""pay_LDH6JINZ""}",tx_m73zwhq91ko
tx_d0utbihl6tq,GATEWAY_SETTLEMENT,pay_GDHTET4K,2949745,INR,2026-08-11,2026-08-22T18:59:53.057Z,RAZORPAY SETTLEMENT: 29497.45 INR,"{""gatewayProvider"":""BRAINTREE"",""reference"":""pay_GDHTET4K""}",tx_5d91scy1232
tx_v1f613e9vad,GATEWAY_SETTLEMENT,pay_9J6N6P25,2273242,INR,2026-07-28,2026-08-23T09:34:38.057Z,SQUARE SETTLEMENT: 22732.42 INR,"{""gatewayProvider"":""PAYPAL"",""reference"":""pay_9J6N6P25""}",tx_mx2wf8cc3ei
tx_lmlnfkz0u4,GATEWAY_SETTLEMENT,pay_YQWICGI6,1947654,INR,2026-07-18,2026-08-23T16:23:27.057Z,PAYPAL SETTLEMENT: 19476.54 INR,"{""gatewayProvider"":""RAZORPAY"",""reference"":""pay_YQWICGI6""}",tx_hjugr5c5p0d
tx_5y537ietn43,GATEWAY_SETTLEMENT,pay_22QEH9FA,1909019,INR,2026-07-20,2026-08-23T15:20:55.057Z,SQUARE SETTLEMENT: 19090.19 INR,"{""gatewayProvider"":""STRIPE"",""reference"":""pay_22QEH9FA""}",tx_q7nsq99i31
tx_1nk1nhngxdf,GATEWAY_SETTLEMENT,pay_VGCLUALK,1138505,INR,2026-07-13,2026-08-23T00:46:22.057Z,BRAINTREE SETTLEMENT: 11385.05 INR,"{""gatewayProvider"":""PAYPAL"",""reference"":""pay_VGCLUALK""}",tx_68o9yiaohjc
tx_bpp12yu8ue,GATEWAY_SETTLEMENT,pay_G5W16Y6N,2234860,INR,2026-08-12,2026-08-23T09:54:13.057Z,RAZORPAY SETTLEMENT: 22348.6 INR,"{""gatewayProvider"":""SQUARE"",""reference"":""pay_G5W16Y6N""}",tx_x0gas5c1sgh
tx_zhp0ejtlrr,GATEWAY_SETTLEMENT,pay_1CD8PDQZ,3871489,INR,2026-07-07,2026-08-23T06:42:10.057Z,STRIPE SETTLEMENT: 38714.89 INR,"{""gatewayProvider"":""PAYPAL"",""reference"":""pay_1CD8PDQZ""}",tx_n1dr0y4phtl
tx_3eswq7p9xsx,GATEWAY_SETTLEMENT,pay_WO9OKKCW,702354,INR,2026-07-06,2026-08-23T12:27:16.057Z,RAZORPAY SETTLEMENT: 7023.54 INR,"{""gatewayProvider"":""BRAINTREE"",""reference"":""pay_WO9OKKCW""}",tx_06r1oolbwdz6